station_id,feature_type,habitat_type,class,common_name,genus_species,obs_date,obs_time,group_size
B11,Boulder,Marsh,Mammalia,Striped Skunk,Mephitis mephitis,2021-04-29,20:47:02,1
B11,Boulder,Marsh,Mammalia,Striped Skunk,Mephitis mephitis,2021-04-29,21:09:20,1
B11,Boulder,Marsh,Mammalia,Striped Skunk,Mephitis mephitis,2021-04-29,21:53:34,1
B11,Boulder,Marsh,Mammalia,California Ground Squirrel,Otospermophilus beecheyi,2021-04-30,09:36:35,1
B11,Boulder,Marsh,Mammalia,California Ground Squirrel,Otospermophilus beecheyi,2021-04-30,10:33:55,1
B11,Boulder,Marsh,Reptilia,Western fence lizard,Sceloporus occidentalis,2021-04-30,12:39:25,1
B11,Boulder,Marsh,Mammalia,California Ground Squirrel,Otospermophilus beecheyi,2021-04-30,14:10:01,1
B11,Boulder,Marsh,Aves,Great White Egret,Ardea alba,2021-04-30,15:05:48,1
B11,Boulder,Marsh,Aves,American Crow,Corvus brachyrhynchos,2021-04-30,15:42:09,1
B11,Boulder,Marsh,Aves,American Crow,Corvus brachyrhynchos,2021-04-30,17:24:54,1
B11,Boulder,Marsh,Mammalia,Brush Rabbit,Sylvilagus bachmani,2021-04-30,19:08:14,1
B11,Boulder,Marsh,Mammalia,Brush Rabbit,Sylvilagus bachmani,2021-04-30,20:14:38,1
B11,Boulder,Marsh,Mammalia,Virginia Opossum,Didelphis virginiana,2021-05-01,00:17:45,1
B11,Boulder,Marsh,Mammalia,Striped Skunk,Mephitis mephitis,2021-05-01,00:20:12,1
B11,Boulder,Marsh,Mammalia,California Ground Squirrel,Otospermophilus beecheyi,2021-05-01,09:28:45,1
B11,Boulder,Marsh,Mammalia,California Ground Squirrel,Otospermophilus beecheyi,2021-05-01,09:32:13,1
B11,Boulder,Marsh,Reptilia,Western fence lizard,Sceloporus occidentalis,2021-05-01,09:53:55,1
B11,Boulder,Marsh,Aves,American Crow,Corvus brachyrhynchos,2021-05-01,13:47:31,1
B11,Boulder,Marsh,Aves,American Crow,Corvus brachyrhynchos,2021-05-01,13:51:00,1
B11,Boulder,Marsh,Aves,American Crow,Corvus brachyrhynchos,2021-05-01,16:53:56,1
B11,Boulder,Marsh,Aves,Killdeer,Charadrius vociferus,2021-05-02,13:46:13,1
B11,Boulder,Marsh,Aves,Killdeer,Charadrius vociferus,2021-05-02,16:17:30,1
B11,Boulder,Marsh,Mammalia,North American Deermouse,Peromyscus maniculatus,2021-05-03,02:17:37,1
B11,Boulder,Marsh,Mammalia,Brush Rabbit,Sylvilagus bachmani,2021-05-03,03:45:44,1
B11,Boulder,Marsh,Aves,Killdeer,Charadrius vociferus,2021-05-03,08:10:17,2
B11,Boulder,Marsh,Aves,Killdeer,Charadrius vociferus,2021-05-03,09:16:44,1
B11,Boulder,Marsh,Aves,Killdeer,Charadrius vociferus,2021-05-03,09:33:07,2
B11,Boulder,Marsh,Aves,Killdeer,Charadrius vociferus,2021-05-03,10:39:00,1
B11,Boulder,Marsh,Aves,Common Starling,Sturnus vulgaris,2021-05-03,11:15:03,1
B11,Boulder,Marsh,Aves,Killdeer,Charadrius vociferus,2021-05-03,11:21:14,1
B11,Boulder,Marsh,Aves,Killdeer,Charadrius vociferus,2021-05-03,11:32:40,1
B11,Boulder,Marsh,Aves,Killdeer,Charadrius vociferus,2021-05-03,11:33:43,1
B11,Boulder,Marsh,Aves,Killdeer,Charadrius vociferus,2021-05-03,11:57:10,2
B11,Boulder,Marsh,Aves,Killdeer,Charadrius vociferus,2021-05-03,12:25:59,1
B11,Boulder,Marsh,Aves,Killdeer,Charadrius vociferus,2021-05-03,13:07:45,2
B11,Boulder,Marsh,Aves,Killdeer,Charadrius vociferus,2021-05-03,13:12:26,1
B11,Boulder,Marsh,Aves,Killdeer,Charadrius vociferus,2021-05-03,13:13:34,2
B11,Boulder,Marsh,Mammalia,North American Deermouse,Peromyscus maniculatus,2021-05-03,22:48:36,1
B11,Boulder,Marsh,Mammalia,Northern Raccoon,Procyon lotor,2021-05-03,23:00:03,1
B11,Boulder,Marsh,Mammalia,Brush Rabbit,Sylvilagus bachmani,2021-05-04,04:45:05,1
B11,Boulder,Marsh,Mammalia,Brush Rabbit,Sylvilagus bachmani,2021-05-04,05:52:21,1
B12,Boulder,Marsh,Reptilia,Western fence lizard,Sceloporus occidentalis,2021-05-15,12:48:41,1
B12,Boulder,Marsh,Mammalia,North American Deermouse,Peromyscus maniculatus,2021-05-15,21:19:10,1
B12,Boulder,Marsh,Mammalia,North American Deermouse,Peromyscus maniculatus,2021-05-15,21:38:41,1
B12,Boulder,Marsh,Mammalia,North American Deermouse,Peromyscus maniculatus,2021-05-15,22:02:26,1
B12,Boulder,Marsh,Mammalia,North American Deermouse,Peromyscus maniculatus,2021-05-15,23:44:10,1
B12,Boulder,Marsh,Mammalia,North American Deermouse,Peromyscus maniculatus,2021-05-15,23:46:24,1
B12,Boulder,Marsh,Mammalia,North American Deermouse,Peromyscus maniculatus,2021-05-16,21:36:52,1
B12,Boulder,Marsh,Mammalia,North American Deermouse,Peromyscus maniculatus,2021-05-16,22:55:48,1
B12,Boulder,Marsh,Mammalia,North American Deermouse,Peromyscus maniculatus,2021-05-16,23:53:33,1
B12,Boulder,Marsh,Mammalia,North American Deermouse,Peromyscus maniculatus,2021-05-17,00:00:03,1
B12,Boulder,Marsh,Mammalia,North American Deermouse,Peromyscus maniculatus,2021-05-17,02:50:30,1
B12,Boulder,Marsh,Mammalia,North American Deermouse,Peromyscus maniculatus,2021-05-17,02:55:24,1
B12,Boulder,Marsh,Mammalia,North American Deermouse,Peromyscus maniculatus,2021-05-17,04:13:44,1
B12,Boulder,Marsh,Mammalia,North American Deermouse,Peromyscus maniculatus,2021-05-17,04:25:14,1
B12,Boulder,Marsh,Mammalia,California Ground Squirrel,Otospermophilus beecheyi,2021-05-17,12:42:01,1
B12,Boulder,Marsh,Mammalia,North American Deermouse,Peromyscus maniculatus,2021-05-17,22:48:15,1
B12,Boulder,Marsh,Mammalia,Virginia Opossum,Didelphis virginiana,2021-05-17,23:19:46,1
B12,Boulder,Marsh,Mammalia,North American Deermouse,Peromyscus maniculatus,2021-05-18,00:27:16,1
B12,Boulder,Marsh,Mammalia,North American Deermouse,Peromyscus maniculatus,2021-05-18,00:34:06,1
B12,Boulder,Marsh,Mammalia,North American Deermouse,Peromyscus maniculatus,2021-05-18,02:32:50,1
B12,Boulder,Marsh,Reptilia,Western fence lizard,Sceloporus occidentalis,2021-05-18,11:10:32,1
B12,Boulder,Marsh,Reptilia,Western fence lizard,Sceloporus occidentalis,2021-05-18,11:13:50,1
B12,Boulder,Marsh,Reptilia,Western fence lizard,Sceloporus occidentalis,2021-05-18,11:14:55,1
B12,Boulder,Marsh,Reptilia,Western fence lizard,Sceloporus occidentalis,2021-05-18,11:16:39,1
B12,Boulder,Marsh,Reptilia,Western fence lizard,Sceloporus occidentalis,2021-05-18,11:21:27,1
B12,Boulder,Marsh,Reptilia,Western fence lizard,Sceloporus occidentalis,2021-05-18,11:23:24,1
B2,Boulder,Grassland,Reptilia,Western fence lizard,Sceloporus occidentalis,2021-04-22,11:04:11,1
B2,Boulder,Grassland,Reptilia,Western fence lizard,Sceloporus occidentalis,2021-04-22,11:06:46,1
B2,Boulder,Grassland,Reptilia,Western fence lizard,Sceloporus occidentalis,2021-04-22,11:09:11,1
B2,Boulder,Grassland,Reptilia,Western fence lizard,Sceloporus occidentalis,2021-04-22,11:36:28,1
B2,Boulder,Grassland,Reptilia,Western fence lizard,Sceloporus occidentalis,2021-04-22,11:38:53,1
B2,Boulder,Grassland,Reptilia,Western fence lizard,Sceloporus occidentalis,2021-04-22,15:14:19,1
B2,Boulder,Grassland,Reptilia,Western fence lizard,Sceloporus occidentalis,2021-04-22,15:16:27,1
B2,Boulder,Grassland,Mammalia,California Ground Squirrel,Otospermophilus beecheyi,2021-04-22,15:21:46,1
B2,Boulder,Grassland,Mammalia,California Ground Squirrel,Otospermophilus beecheyi,2021-04-22,15:24:09,1
B2,Boulder,Grassland,Mammalia,California Ground Squirrel,Otospermophilus beecheyi,2021-04-22,15:27:35,1
B2,Boulder,Grassland,Mammalia,California Ground Squirrel,Otospermophilus beecheyi,2021-04-23,10:41:29,1
B2,Boulder,Grassland,Aves,American Crow,Corvus brachyrhynchos,2021-04-23,11:26:22,1
B2,Boulder,Grassland,Aves,American Crow,Corvus brachyrhynchos,2021-04-23,11:27:42,1
B2,Boulder,Grassland,Reptilia,Western fence lizard,Sceloporus occidentalis,2021-04-23,13:09:01,1
B2,Boulder,Grassland,Reptilia,Western fence lizard,Sceloporus occidentalis,2021-04-23,13:32:22,1
B2,Boulder,Grassland,Reptilia,Western fence lizard,Sceloporus occidentalis,2021-04-23,13:48:29,1
B2,Boulder,Grassland,Reptilia,Western fence lizard,Sceloporus occidentalis,2021-04-23,13:55:31,1
B2,Boulder,Grassland,Reptilia,Western fence lizard,Sceloporus occidentalis,2021-04-23,14:13:45,1
B2,Boulder,Grassland,Mammalia,California Ground Squirrel,Otospermophilus beecheyi,2021-04-23,16:38:17,1
B2,Boulder,Grassland,Mammalia,North American Deermouse,Peromyscus maniculatus,2021-04-24,03:19:23,1
B2,Boulder,Grassland,Mammalia,North American Deermouse,Peromyscus maniculatus,2021-04-24,03:21:55,1
B2,Boulder,Grassland,Mammalia,North American Deermouse,Peromyscus maniculatus,2021-04-24,03:30:31,1
B2,Boulder,Grassland,Mammalia,North American Deermouse,Peromyscus maniculatus,2021-04-24,03:32:25,1
B2,Boulder,Grassland,Reptilia,Western fence lizard,Sceloporus occidentalis,2021-04-24,10:11:42,1
B2,Boulder,Grassland,Reptilia,Western fence lizard,Sceloporus occidentalis,2021-04-24,10:13:10,1
B2,Boulder,Grassland,Reptilia,Western fence lizard,Sceloporus occidentalis,2021-04-24,10:51:26,1
B2,Boulder,Grassland,Reptilia,Western fence lizard,Sceloporus occidentalis,2021-04-24,10:54:09,1
B2,Boulder,Grassland,Reptilia,Western fence lizard,Sceloporus occidentalis,2021-04-24,10:58:49,1
B2,Boulder,Grassland,Reptilia,Western fence lizard,Sceloporus occidentalis,2021-04-24,11:00:37,1
B2,Boulder,Grassland,Mammalia,California Ground Squirrel,Otospermophilus beecheyi,2021-04-24,14:54:44,1
B2,Boulder,Grassland,Mammalia,California Ground Squirrel,Otospermophilus beecheyi,2021-04-24,15:02:13,1
B2,Boulder,Grassland,Mammalia,California Ground Squirrel,Otospermophilus beecheyi,2021-04-24,15:18:14,1
B2,Boulder,Grassland,Mammalia,California Ground Squirrel,Otospermophilus beecheyi,2021-04-24,15:46:13,1
B2,Boulder,Grassland,Mammalia,California Ground Squirrel,Otospermophilus beecheyi,2021-04-24,16:52:00,1
B2,Boulder,Grassland,Mammalia,California Ground Squirrel,Otospermophilus beecheyi,2021-04-24,17:31:04,1
B2,Boulder,Grassland,Mammalia,California Ground Squirrel,Otospermophilus beecheyi,2021-04-24,19:18:49,1
B2,Boulder,Grassland,Mammalia,California Ground Squirrel,Otospermophilus beecheyi,2021-04-25,12:30:47,1
B2,Boulder,Grassland,Mammalia,California Ground Squirrel,Otospermophilus beecheyi,2021-04-25,12:58:45,1
B2,Boulder,Grassland,Aves,Killdeer,Charadrius vociferus,2021-04-25,23:11:59,1
B2,Boulder,Grassland,Mammalia,Striped Skunk,Mephitis mephitis,2021-04-26,05:22:56,1
B2,Boulder,Grassland,Mammalia,Striped Skunk,Mephitis mephitis,2021-04-26,05:32:21,1
B23,Boulder,Scrub,Mammalia,North American Deermouse,Peromyscus maniculatus,2021-05-07,01:41:49,1
B23,Boulder,Scrub,Aves,Killdeer,Charadrius vociferus,2021-05-07,02:32:22,1
B23,Boulder,Scrub,Aves,Killdeer,Charadrius vociferus,2021-05-07,02:33:07,1
B23,Boulder,Scrub,Mammalia,California Ground Squirrel,Otospermophilus beecheyi,2021-05-07,10:57:17,1
B23,Boulder,Scrub,Reptilia,Western fence lizard,Sceloporus occidentalis,2021-05-07,14:06:03,1
B23,Boulder,Scrub,Reptilia,Western fence lizard,Sceloporus occidentalis,2021-05-07,14:12:31,1
B23,Boulder,Scrub,Reptilia,Western fence lizard,Sceloporus occidentalis,2021-05-07,14:48:48,1
B23,Boulder,Scrub,Reptilia,Western fence lizard,Sceloporus occidentalis,2021-05-07,15:07:28,1
B23,Boulder,Scrub,Reptilia,Western fence lizard,Sceloporus occidentalis,2021-05-07,15:12:17,1
B23,Boulder,Scrub,Mammalia,California Ground Squirrel,Otospermophilus beecheyi,2021-05-07,16:13:10,1
B23,Boulder,Scrub,Mammalia,California Ground Squirrel,Otospermophilus beecheyi,2021-05-07,16:20:34,1
B23,Boulder,Scrub,Mammalia,California Ground Squirrel,Otospermophilus beecheyi,2021-05-07,16:46:42,1
B23,Boulder,Scrub,Mammalia,North American Deermouse,Peromyscus maniculatus,2021-05-07,22:36:18,1
B23,Boulder,Scrub,Mammalia,Striped Skunk,Mephitis mephitis,2021-05-07,23:21:30,1
B23,Boulder,Scrub,Mammalia,Striped Skunk,Mephitis mephitis,2021-05-07,23:21:38,1
B23,Boulder,Scrub,Mammalia,Brush Rabbit,Sylvilagus bachmani,2021-05-08,03:18:58,1
B23,Boulder,Scrub,Mammalia,Brush Rabbit,Sylvilagus bachmani,2021-05-08,03:26:23,1
B23,Boulder,Scrub,Mammalia,Brush Rabbit,Sylvilagus bachmani,2021-05-08,04:45:52,1
B23,Boulder,Scrub,Mammalia,Brush Rabbit,Sylvilagus bachmani,2021-05-08,04:48:59,1
B23,Boulder,Scrub,Mammalia,California Ground Squirrel,Otospermophilus beecheyi,2021-05-08,09:02:03,1
B23,Boulder,Scrub,Reptilia,Western fence lizard,Sceloporus occidentalis,2021-05-08,10:23:46,1
B23,Boulder,Scrub,Reptilia,Western fence lizard,Sceloporus occidentalis,2021-05-08,10:27:17,1
B23,Boulder,Scrub,Reptilia,Western fence lizard,Sceloporus occidentalis,2021-05-08,10:37:11,1
B23,Boulder,Scrub,Reptilia,Western fence lizard,Sceloporus occidentalis,2021-05-08,10:40:54,1
B23,Boulder,Scrub,Reptilia,Western fence lizard,Sceloporus occidentalis,2021-05-08,10:42:30,1
B23,Boulder,Scrub,Reptilia,Western fence lizard,Sceloporus occidentalis,2021-05-08,10:50:25,1
B23,Boulder,Scrub,Reptilia,Western fence lizard,Sceloporus occidentalis,2021-05-08,11:15:54,1
B23,Boulder,Scrub,Reptilia,Western fence lizard,Sceloporus occidentalis,2021-05-08,11:18:14,1
B23,Boulder,Scrub,Mammalia,California Ground Squirrel,Otospermophilus beecheyi,2021-05-08,11:36:30,1
B23,Boulder,Scrub,Mammalia,California Ground Squirrel,Otospermophilus beecheyi,2021-05-08,12:08:45,1
B23,Boulder,Scrub,Mammalia,California Ground Squirrel,Otospermophilus beecheyi,2021-05-08,15:29:50,1
B23,Boulder,Scrub,Mammalia,California Ground Squirrel,Otospermophilus beecheyi,2021-05-08,15:29:57,1
B23,Boulder,Scrub,Mammalia,California Ground Squirrel,Otospermophilus beecheyi,2021-05-08,15:31:30,1
B23,Boulder,Scrub,Mammalia,California Ground Squirrel,Otospermophilus beecheyi,2021-05-08,15:35:57,1
B23,Boulder,Scrub,Mammalia,California Ground Squirrel,Otospermophilus beecheyi,2021-05-08,15:37:40,1
B23,Boulder,Scrub,Mammalia,California Ground Squirrel,Otospermophilus beecheyi,2021-05-08,15:56:13,1
B23,Boulder,Scrub,Mammalia,California Ground Squirrel,Otospermophilus beecheyi,2021-05-08,16:08:12,1
B23,Boulder,Scrub,Mammalia,California Ground Squirrel,Otospermophilus beecheyi,2021-05-08,17:13:32,1
B23,Boulder,Scrub,Mammalia,California Ground Squirrel,Otospermophilus beecheyi,2021-05-08,17:13:46,1
B23,Boulder,Scrub,Mammalia,California Ground Squirrel,Otospermophilus beecheyi,2021-05-08,17:43:36,1
B23,Boulder,Scrub,Mammalia,Striped Skunk,Mephitis mephitis,2021-05-08,21:08:20,1
B23,Boulder,Scrub,Mammalia,Bobcat,Lynx rufus,2021-05-08,21:17:52,1
B23,Boulder,Scrub,Mammalia,Bobcat,Lynx rufus,2021-05-08,21:18:43,1
B23,Boulder,Scrub,Mammalia,Brush Rabbit,Sylvilagus bachmani,2021-05-08,23:43:30,1
B23,Boulder,Scrub,Mammalia,Brush Rabbit,Sylvilagus bachmani,2021-05-09,01:04:23,1
B23,Boulder,Scrub,Mammalia,Brush Rabbit,Sylvilagus bachmani,2021-05-09,04:08:13,1
B23,Boulder,Scrub,Mammalia,Brush Rabbit,Sylvilagus bachmani,2021-05-09,04:09:18,1
B23,Boulder,Scrub,Mammalia,California Ground Squirrel,Otospermophilus beecheyi,2021-05-09,08:10:10,1
B23,Boulder,Scrub,Mammalia,Brush Rabbit,Sylvilagus bachmani,2021-05-09,10:11:19,1
B23,Boulder,Scrub,Mammalia,California Ground Squirrel,Otospermophilus beecheyi,2021-05-09,11:00:45,1
B23,Boulder,Scrub,Mammalia,California Ground Squirrel,Otospermophilus beecheyi,2021-05-09,11:03:04,1
B23,Boulder,Scrub,Mammalia,California Ground Squirrel,Otospermophilus beecheyi,2021-05-09,14:41:45,1
B23,Boulder,Scrub,Mammalia,California Ground Squirrel,Otospermophilus beecheyi,2021-05-09,14:48:42,1
B23,Boulder,Scrub,Mammalia,California Ground Squirrel,Otospermophilus beecheyi,2021-05-09,14:50:43,1
B23,Boulder,Scrub,Mammalia,California Ground Squirrel,Otospermophilus beecheyi,2021-05-09,14:52:06,1
B23,Boulder,Scrub,Mammalia,California Ground Squirrel,Otospermophilus beecheyi,2021-05-09,14:54:49,1
B23,Boulder,Scrub,Reptilia,Western fence lizard,Sceloporus occidentalis,2021-05-09,15:16:51,1
B23,Boulder,Scrub,Reptilia,Western fence lizard,Sceloporus occidentalis,2021-05-09,15:28:20,1
B23,Boulder,Scrub,Reptilia,Western fence lizard,Sceloporus occidentalis,2021-05-09,15:30:17,1
B23,Boulder,Scrub,Reptilia,Western fence lizard,Sceloporus occidentalis,2021-05-09,15:37:49,1
B23,Boulder,Scrub,Reptilia,Western fence lizard,Sceloporus occidentalis,2021-05-09,15:39:30,1
B23,Boulder,Scrub,Reptilia,Western fence lizard,Sceloporus occidentalis,2021-05-09,15:44:34,1
B23,Boulder,Scrub,Reptilia,Western fence lizard,Sceloporus occidentalis,2021-05-09,15:47:05,1
B23,Boulder,Scrub,Reptilia,Western fence lizard,Sceloporus occidentalis,2021-05-09,15:49:57,1
B23,Boulder,Scrub,Reptilia,Western fence lizard,Sceloporus occidentalis,2021-05-09,15:52:52,1
B23,Boulder,Scrub,Reptilia,Western fence lizard,Sceloporus occidentalis,2021-05-09,15:58:46,1
B23,Boulder,Scrub,Reptilia,Western fence lizard,Sceloporus occidentalis,2021-05-09,16:01:31,1
B23,Boulder,Scrub,Reptilia,Western fence lizard,Sceloporus occidentalis,2021-05-09,16:04:09,1
B23,Boulder,Scrub,Reptilia,Western fence lizard,Sceloporus occidentalis,2021-05-09,16:05:40,1
B23,Boulder,Scrub,Reptilia,Western fence lizard,Sceloporus occidentalis,2021-05-09,16:08:05,1
B23,Boulder,Scrub,Reptilia,Western fence lizard,Sceloporus occidentalis,2021-05-09,16:13:00,1
B23,Boulder,Scrub,Reptilia,Western fence lizard,Sceloporus occidentalis,2021-05-09,16:20:35,1
B23,Boulder,Scrub,Reptilia,Western fence lizard,Sceloporus occidentalis,2021-05-09,16:25:12,1
B23,Boulder,Scrub,Mammalia,California Ground Squirrel,Otospermophilus beecheyi,2021-05-09,16:26:31,1
B23,Boulder,Scrub,Mammalia,California Ground Squirrel,Otospermophilus beecheyi,2021-05-09,16:28:58,1
B23,Boulder,Scrub,Mammalia,Virginia Opossum,Didelphis virginiana,2021-05-10,05:32:07,1
B23,Boulder,Scrub,Mammalia,California Ground Squirrel,Otospermophilus beecheyi,2021-05-10,08:54:06,1
B23,Boulder,Scrub,Mammalia,California Ground Squirrel,Otospermophilus beecheyi,2021-05-10,09:53:48,1
B23,Boulder,Scrub,Mammalia,California Ground Squirrel,Otospermophilus beecheyi,2021-05-10,15:17:07,1
B23,Boulder,Scrub,Mammalia,North American Deermouse,Peromyscus maniculatus,2021-05-11,04:35:26,1
B23,Boulder,Scrub,Mammalia,North American Deermouse,Peromyscus maniculatus,2021-05-11,04:40:20,1
B23,Boulder,Scrub,Aves,Killdeer,Charadrius vociferus,2021-05-11,04:59:35,1
B23,Boulder,Scrub,Mammalia,Brush Rabbit,Sylvilagus bachmani,2021-05-11,05:14:10,1
B23,Boulder,Scrub,Mammalia,Brush Rabbit,Sylvilagus bachmani,2021-05-11,05:14:27,1
B29,Boulder,Scrub,Mammalia,North American Deermouse,Peromyscus maniculatus,2021-05-20,20:45:34,1
B29,Boulder,Scrub,Mammalia,Virginia Opossum,Didelphis virginiana,2021-05-20,22:09:29,1
B29,Boulder,Scrub,Mammalia,North American Deermouse,Peromyscus maniculatus,2021-05-21,00:43:10,1
B29,Boulder,Scrub,Mammalia,North American Deermouse,Peromyscus maniculatus,2021-05-21,00:44:15,1
B29,Boulder,Scrub,Mammalia,North American Deermouse,Peromyscus maniculatus,2021-05-21,20:53:43,1
B29,Boulder,Scrub,Mammalia,North American Deermouse,Peromyscus maniculatus,2021-05-22,23:27:34,1
B29,Boulder,Scrub,Reptilia,Western fence lizard,Sceloporus occidentalis,2021-05-23,15:07:51,1
B29,Boulder,Scrub,Mammalia,Brush Rabbit,Sylvilagus bachmani,2021-05-24,03:34:25,1
H13,Artificial Refuge,Marsh,Mammalia,Brush Rabbit,Sylvilagus bachmani,2021-05-06,19:31:09,1
H13,Artificial Refuge,Marsh,Mammalia,Brush Rabbit,Sylvilagus bachmani,2021-05-06,23:14:09,1
H13,Artificial Refuge,Marsh,Mammalia,Brush Rabbit,Sylvilagus bachmani,2021-05-06,23:17:03,1
H13,Artificial Refuge,Marsh,Mammalia,Brush Rabbit,Sylvilagus bachmani,2021-05-07,01:35:55,1
H13,Artificial Refuge,Marsh,Mammalia,Brush Rabbit,Sylvilagus bachmani,2021-05-07,03:27:29,1
H13,Artificial Refuge,Marsh,Mammalia,Brush Rabbit,Sylvilagus bachmani,2021-05-07,03:28:52,1
H13,Artificial Refuge,Marsh,Mammalia,Brush Rabbit,Sylvilagus bachmani,2021-05-07,05:36:53,1
H13,Artificial Refuge,Marsh,Mammalia,Brush Rabbit,Sylvilagus bachmani,2021-05-07,06:32:59,1
H13,Artificial Refuge,Marsh,Mammalia,Brush Rabbit,Sylvilagus bachmani,2021-05-07,06:35:53,1
H13,Artificial Refuge,Marsh,Mammalia,Brush Rabbit,Sylvilagus bachmani,2021-05-07,07:15:00,1
H13,Artificial Refuge,Marsh,Reptilia,Western fence lizard,Sceloporus occidentalis,2021-05-07,13:15:09,1
H13,Artificial Refuge,Marsh,Reptilia,Western fence lizard,Sceloporus occidentalis,2021-05-07,13:18:57,1
H13,Artificial Refuge,Marsh,Reptilia,Western fence lizard,Sceloporus occidentalis,2021-05-07,13:31:11,1
H13,Artificial Refuge,Marsh,Reptilia,Western fence lizard,Sceloporus occidentalis,2021-05-07,16:24:26,1
H13,Artificial Refuge,Marsh,Reptilia,Western fence lizard,Sceloporus occidentalis,2021-05-07,16:38:53,1
H13,Artificial Refuge,Marsh,Mammalia,Brush Rabbit,Sylvilagus bachmani,2021-05-07,17:54:14,1
H13,Artificial Refuge,Marsh,Mammalia,Brush Rabbit,Sylvilagus bachmani,2021-05-07,18:20:24,1
H13,Artificial Refuge,Marsh,Mammalia,Brush Rabbit,Sylvilagus bachmani,2021-05-07,18:22:02,1
H13,Artificial Refuge,Marsh,Mammalia,Brush Rabbit,Sylvilagus bachmani,2021-05-07,18:47:14,1
H13,Artificial Refuge,Marsh,Mammalia,Brush Rabbit,Sylvilagus bachmani,2021-05-07,20:00:22,1
H13,Artificial Refuge,Marsh,Mammalia,Brush Rabbit,Sylvilagus bachmani,2021-05-08,01:08:03,1
H13,Artificial Refuge,Marsh,Mammalia,Brush Rabbit,Sylvilagus bachmani,2021-05-08,01:09:21,1
H13,Artificial Refuge,Marsh,Mammalia,Brush Rabbit,Sylvilagus bachmani,2021-05-08,08:47:48,1
H13,Artificial Refuge,Marsh,Reptilia,Western fence lizard,Sceloporus occidentalis,2021-05-08,10:36:11,1
H17,Artificial Refuge,Marsh,Aves,Killdeer,Charadrius vociferus,2021-04-22,14:17:25,1
H17,Artificial Refuge,Marsh,Aves,Say's Phoebe,Sayornis saya,2021-04-22,14:33:45,1
H17,Artificial Refuge,Marsh,Aves,Burrowing Owl,Athene cunicularia,2021-04-22,20:29:30,1
H17,Artificial Refuge,Marsh,Mammalia,North American Deermouse,Peromyscus maniculatus,2021-04-22,21:01:52,1
H17,Artificial Refuge,Marsh,Mammalia,North American Deermouse,Peromyscus maniculatus,2021-04-22,21:12:42,1
H17,Artificial Refuge,Marsh,Mammalia,North American Deermouse,Peromyscus maniculatus,2021-04-22,21:45:22,1
H17,Artificial Refuge,Marsh,Mammalia,North American Deermouse,Peromyscus maniculatus,2021-04-22,21:56:45,1
H17,Artificial Refuge,Marsh,Mammalia,North American Deermouse,Peromyscus maniculatus,2021-04-22,23:47:55,1
H17,Artificial Refuge,Marsh,Mammalia,North American Deermouse,Peromyscus maniculatus,2021-04-22,23:53:29,1
H17,Artificial Refuge,Marsh,Mammalia,North American Deermouse,Peromyscus maniculatus,2021-04-23,00:02:21,1
H17,Artificial Refuge,Marsh,Mammalia,North American Deermouse,Peromyscus maniculatus,2021-04-23,00:06:54,1
H17,Artificial Refuge,Marsh,Mammalia,North American Deermouse,Peromyscus maniculatus,2021-04-23,00:12:25,1
H17,Artificial Refuge,Marsh,Mammalia,North American Deermouse,Peromyscus maniculatus,2021-04-23,00:34:56,1
H17,Artificial Refuge,Marsh,Mammalia,North American Deermouse,Peromyscus maniculatus,2021-04-23,00:37:43,1
H17,Artificial Refuge,Marsh,Mammalia,North American Deermouse,Peromyscus maniculatus,2021-04-23,00:42:51,1
H17,Artificial Refuge,Marsh,Mammalia,North American Deermouse,Peromyscus maniculatus,2021-04-23,00:50:51,1
H17,Artificial Refuge,Marsh,Mammalia,North American Deermouse,Peromyscus maniculatus,2021-04-23,00:52:24,1
H17,Artificial Refuge,Marsh,Mammalia,Virginia Opossum,Didelphis virginiana,2021-04-23,01:02:15,1
H17,Artificial Refuge,Marsh,Mammalia,North American Deermouse,Peromyscus maniculatus,2021-04-23,01:17:32,1
H17,Artificial Refuge,Marsh,Mammalia,North American Deermouse,Peromyscus maniculatus,2021-04-23,01:43:44,1
H17,Artificial Refuge,Marsh,Mammalia,North American Deermouse,Peromyscus maniculatus,2021-04-23,01:49:36,1
H17,Artificial Refuge,Marsh,Mammalia,North American Deermouse,Peromyscus maniculatus,2021-04-23,01:55:26,1
H17,Artificial Refuge,Marsh,Mammalia,North American Deermouse,Peromyscus maniculatus,2021-04-23,01:57:41,1
H17,Artificial Refuge,Marsh,Mammalia,North American Deermouse,Peromyscus maniculatus,2021-04-23,01:59:11,1
H17,Artificial Refuge,Marsh,Mammalia,North American Deermouse,Peromyscus maniculatus,2021-04-23,02:04:00,1
H17,Artificial Refuge,Marsh,Mammalia,North American Deermouse,Peromyscus maniculatus,2021-04-23,02:07:30,1
H17,Artificial Refuge,Marsh,Mammalia,North American Deermouse,Peromyscus maniculatus,2021-04-23,02:15:38,1
H17,Artificial Refuge,Marsh,Mammalia,North American Deermouse,Peromyscus maniculatus,2021-04-23,02:26:47,1
H17,Artificial Refuge,Marsh,Mammalia,North American Deermouse,Peromyscus maniculatus,2021-04-23,02:31:21,1
H17,Artificial Refuge,Marsh,Mammalia,North American Deermouse,Peromyscus maniculatus,2021-04-23,03:19:10,1
H17,Artificial Refuge,Marsh,Mammalia,North American Deermouse,Peromyscus maniculatus,2021-04-23,03:22:41,1
H17,Artificial Refuge,Marsh,Mammalia,North American Deermouse,Peromyscus maniculatus,2021-04-23,03:26:50,1
H17,Artificial Refuge,Marsh,Mammalia,North American Deermouse,Peromyscus maniculatus,2021-04-23,03:28:20,1
H17,Artificial Refuge,Marsh,Mammalia,North American Deermouse,Peromyscus maniculatus,2021-04-23,03:46:19,1
H17,Artificial Refuge,Marsh,Mammalia,North American Deermouse,Peromyscus maniculatus,2021-04-23,03:47:51,1
H17,Artificial Refuge,Marsh,Mammalia,North American Deermouse,Peromyscus maniculatus,2021-04-23,03:48:56,1
H17,Artificial Refuge,Marsh,Mammalia,North American Deermouse,Peromyscus maniculatus,2021-04-23,03:51:18,1
H17,Artificial Refuge,Marsh,Mammalia,North American Deermouse,Peromyscus maniculatus,2021-04-23,04:12:20,1
H17,Artificial Refuge,Marsh,Mammalia,North American Deermouse,Peromyscus maniculatus,2021-04-23,04:37:34,1
H17,Artificial Refuge,Marsh,Mammalia,North American Deermouse,Peromyscus maniculatus,2021-04-23,19:48:19,1
H17,Artificial Refuge,Marsh,Mammalia,North American Deermouse,Peromyscus maniculatus,2021-04-23,19:58:18,1
H17,Artificial Refuge,Marsh,Mammalia,North American Deermouse,Peromyscus maniculatus,2021-04-23,20:37:09,1
H17,Artificial Refuge,Marsh,Mammalia,North American Deermouse,Peromyscus maniculatus,2021-04-23,20:43:38,1
H17,Artificial Refuge,Marsh,Mammalia,North American Deermouse,Peromyscus maniculatus,2021-04-23,20:44:44,1
H17,Artificial Refuge,Marsh,Aves,Burrowing Owl,Athene cunicularia,2021-04-23,20:44:44,1
H17,Artificial Refuge,Marsh,Mammalia,North American Deermouse,Peromyscus maniculatus,2021-04-23,20:46:43,1
H17,Artificial Refuge,Marsh,Mammalia,North American Deermouse,Peromyscus maniculatus,2021-04-23,21:53:16,1
H17,Artificial Refuge,Marsh,Mammalia,North American Deermouse,Peromyscus maniculatus,2021-04-23,21:57:06,1
H17,Artificial Refuge,Marsh,Mammalia,North American Deermouse,Peromyscus maniculatus,2021-04-23,22:06:47,1
H17,Artificial Refuge,Marsh,Mammalia,North American Deermouse,Peromyscus maniculatus,2021-04-24,00:57:05,1
H17,Artificial Refuge,Marsh,Mammalia,North American Deermouse,Peromyscus maniculatus,2021-04-24,00:58:24,1
H17,Artificial Refuge,Marsh,Mammalia,North American Deermouse,Peromyscus maniculatus,2021-04-24,01:04:31,1
H17,Artificial Refuge,Marsh,Mammalia,North American Deermouse,Peromyscus maniculatus,2021-04-24,01:10:00,1
H17,Artificial Refuge,Marsh,Mammalia,North American Deermouse,Peromyscus maniculatus,2021-04-24,01:15:29,1
H17,Artificial Refuge,Marsh,Mammalia,North American Deermouse,Peromyscus maniculatus,2021-04-24,01:42:51,1
H17,Artificial Refuge,Marsh,Mammalia,North American Deermouse,Peromyscus maniculatus,2021-04-24,02:11:22,1
H17,Artificial Refuge,Marsh,Mammalia,North American Deermouse,Peromyscus maniculatus,2021-04-24,02:12:35,1
H17,Artificial Refuge,Marsh,Mammalia,North American Deermouse,Peromyscus maniculatus,2021-04-24,02:16:28,1
H17,Artificial Refuge,Marsh,Mammalia,North American Deermouse,Peromyscus maniculatus,2021-04-24,02:45:17,1
H17,Artificial Refuge,Marsh,Mammalia,North American Deermouse,Peromyscus maniculatus,2021-04-24,02:50:30,1
H17,Artificial Refuge,Marsh,Aves,Great Horned Owl,Bubo virginianus,2021-04-24,02:50:30,1
H17,Artificial Refuge,Marsh,Aves,Great Horned Owl,Bubo virginianus,2021-04-24,03:01:08,1
H17,Artificial Refuge,Marsh,Mammalia,North American Deermouse,Peromyscus maniculatus,2021-04-24,03:05:17,1
H17,Artificial Refuge,Marsh,Mammalia,North American Deermouse,Peromyscus maniculatus,2021-04-24,03:35:41,1
H17,Artificial Refuge,Marsh,Mammalia,North American Deermouse,Peromyscus maniculatus,2021-04-24,03:51:14,1
H17,Artificial Refuge,Marsh,Mammalia,North American Deermouse,Peromyscus maniculatus,2021-04-24,04:04:40,1
H17,Artificial Refuge,Marsh,Mammalia,North American Deermouse,Peromyscus maniculatus,2021-04-24,04:07:06,1
H17,Artificial Refuge,Marsh,Mammalia,North American Deermouse,Peromyscus maniculatus,2021-04-24,04:09:00,1
H17,Artificial Refuge,Marsh,Mammalia,North American Deermouse,Peromyscus maniculatus,2021-04-24,04:11:37,1
H17,Artificial Refuge,Marsh,Mammalia,North American Deermouse,Peromyscus maniculatus,2021-04-24,04:26:11,1
H17,Artificial Refuge,Marsh,Mammalia,North American Deermouse,Peromyscus maniculatus,2021-04-24,04:28:25,1
H17,Artificial Refuge,Marsh,Mammalia,North American Deermouse,Peromyscus maniculatus,2021-04-24,04:31:31,1
H17,Artificial Refuge,Marsh,Mammalia,North American Deermouse,Peromyscus maniculatus,2021-04-24,04:35:26,1
H17,Artificial Refuge,Marsh,Mammalia,North American Deermouse,Peromyscus maniculatus,2021-04-24,04:38:31,1
H17,Artificial Refuge,Marsh,Mammalia,North American Deermouse,Peromyscus maniculatus,2021-04-24,04:42:37,1
H17,Artificial Refuge,Marsh,Mammalia,North American Deermouse,Peromyscus maniculatus,2021-04-24,04:47:34,1
H17,Artificial Refuge,Marsh,Mammalia,North American Deermouse,Peromyscus maniculatus,2021-04-24,05:00:38,1
H17,Artificial Refuge,Marsh,Aves,Killdeer,Charadrius vociferus,2021-04-24,07:54:18,1
H17,Artificial Refuge,Marsh,Aves,Common Starling,Sturnus vulgaris,2021-04-24,13:56:46,1
H17,Artificial Refuge,Marsh,Aves,Common Starling,Sturnus vulgaris,2021-04-24,13:58:06,1
H17,Artificial Refuge,Marsh,Aves,Common Starling,Sturnus vulgaris,2021-04-24,14:05:34,1
H17,Artificial Refuge,Marsh,Aves,Common Starling,Sturnus vulgaris,2021-04-24,14:08:23,1
H17,Artificial Refuge,Marsh,Aves,Common Starling,Sturnus vulgaris,2021-04-24,14:10:16,1
H17,Artificial Refuge,Marsh,Aves,Common Starling,Sturnus vulgaris,2021-04-24,14:19:51,1
H17,Artificial Refuge,Marsh,Mammalia,North American Deermouse,Peromyscus maniculatus,2021-04-24,22:45:28,1
H17,Artificial Refuge,Marsh,Mammalia,North American Deermouse,Peromyscus maniculatus,2021-04-25,00:36:04,1
H17,Artificial Refuge,Marsh,Mammalia,North American Deermouse,Peromyscus maniculatus,2021-04-25,00:54:06,1
H17,Artificial Refuge,Marsh,Mammalia,North American Deermouse,Peromyscus maniculatus,2021-04-25,01:14:52,1
H17,Artificial Refuge,Marsh,Mammalia,North American Deermouse,Peromyscus maniculatus,2021-04-25,01:20:30,1
H17,Artificial Refuge,Marsh,Mammalia,North American Deermouse,Peromyscus maniculatus,2021-04-25,01:23:59,1
H17,Artificial Refuge,Marsh,Mammalia,North American Deermouse,Peromyscus maniculatus,2021-04-25,01:28:07,1
H17,Artificial Refuge,Marsh,Mammalia,North American Deermouse,Peromyscus maniculatus,2021-04-25,04:07:08,1
H17,Artificial Refuge,Marsh,Mammalia,North American Deermouse,Peromyscus maniculatus,2021-04-25,04:10:59,1
H17,Artificial Refuge,Marsh,Aves,Killdeer,Charadrius vociferus,2021-04-25,13:33:45,1
H17,Artificial Refuge,Marsh,Aves,Western Bluebird,Sialia mexicana,2021-04-25,13:58:14,1
H17,Artificial Refuge,Marsh,Aves,Western Bluebird,Sialia mexicana,2021-04-25,14:14:47,1
H17,Artificial Refuge,Marsh,Aves,Killdeer,Charadrius vociferus,2021-04-25,16:37:44,1
H17,Artificial Refuge,Marsh,Mammalia,North American Deermouse,Peromyscus maniculatus,2021-04-25,20:19:59,1
H17,Artificial Refuge,Marsh,Mammalia,North American Deermouse,Peromyscus maniculatus,2021-04-25,22:14:08,1
H17,Artificial Refuge,Marsh,Mammalia,North American Deermouse,Peromyscus maniculatus,2021-04-26,02:37:53,1
H17,Artificial Refuge,Marsh,Mammalia,North American Deermouse,Peromyscus maniculatus,2021-04-26,04:00:33,1
H17,Artificial Refuge,Marsh,Mammalia,North American Deermouse,Peromyscus maniculatus,2021-04-26,04:37:31,1
H17,Artificial Refuge,Marsh,Aves,American Crow,Corvus brachyrhynchos,2021-04-26,18:09:58,1
H17,Artificial Refuge,Marsh,Mammalia,California Ground Squirrel,Otospermophilus beecheyi,2021-04-27,11:32:19,1
H17,Artificial Refuge,Marsh,Mammalia,California Ground Squirrel,Otospermophilus beecheyi,2021-04-27,11:36:50,1
H2,Artificial Refuge,Marsh,Mammalia,California Ground Squirrel,Otospermophilus beecheyi,2021-05-14,09:32:50,1
H2,Artificial Refuge,Marsh,Mammalia,California Ground Squirrel,Otospermophilus beecheyi,2021-05-15,16:23:46,1
H2,Artificial Refuge,Marsh,Reptilia,Western fence lizard,Sceloporus occidentalis,2021-05-16,13:09:39,1
H2,Artificial Refuge,Marsh,Mammalia,Brush Rabbit,Sylvilagus bachmani,2021-05-16,23:02:39,1
H2,Artificial Refuge,Marsh,Mammalia,Brush Rabbit,Sylvilagus bachmani,2021-05-17,00:13:00,1
H21,Artificial Refuge,Marsh,Mammalia,California Ground Squirrel,Otospermophilus beecheyi,2021-05-20,18:43:40,1
H21,Artificial Refuge,Marsh,Mammalia,California Ground Squirrel,Otospermophilus beecheyi,2021-05-21,07:51:40,1
H21,Artificial Refuge,Marsh,Mammalia,California Ground Squirrel,Otospermophilus beecheyi,2021-05-21,07:54:02,1
H21,Artificial Refuge,Marsh,Mammalia,California Ground Squirrel,Otospermophilus beecheyi,2021-05-21,08:32:41,1
H21,Artificial Refuge,Marsh,Mammalia,California Ground Squirrel,Otospermophilus beecheyi,2021-05-21,08:54:28,1
H21,Artificial Refuge,Marsh,Mammalia,California Ground Squirrel,Otospermophilus beecheyi,2021-05-21,17:01:04,1
H21,Artificial Refuge,Marsh,Mammalia,California Ground Squirrel,Otospermophilus beecheyi,2021-05-21,17:02:40,1
H21,Artificial Refuge,Marsh,Mammalia,California Ground Squirrel,Otospermophilus beecheyi,2021-05-21,18:12:17,1
H21,Artificial Refuge,Marsh,Mammalia,California Ground Squirrel,Otospermophilus beecheyi,2021-05-21,18:21:49,1
H21,Artificial Refuge,Marsh,Mammalia,California Ground Squirrel,Otospermophilus beecheyi,2021-05-22,07:41:29,1
H21,Artificial Refuge,Marsh,Mammalia,California Ground Squirrel,Otospermophilus beecheyi,2021-05-22,07:44:52,1
H35,Artificial Refuge,Grassland,Mammalia,California Ground Squirrel,Otospermophilus beecheyi,2021-05-13,13:59:03,1
H35,Artificial Refuge,Grassland,Mammalia,California Ground Squirrel,Otospermophilus beecheyi,2021-05-13,15:09:32,1
H35,Artificial Refuge,Grassland,Mammalia,California Ground Squirrel,Otospermophilus beecheyi,2021-05-13,15:13:20,1
H35,Artificial Refuge,Grassland,Mammalia,California Ground Squirrel,Otospermophilus beecheyi,2021-05-13,15:17:58,1
H35,Artificial Refuge,Grassland,Mammalia,California Ground Squirrel,Otospermophilus beecheyi,2021-05-13,15:27:17,1
H35,Artificial Refuge,Grassland,Mammalia,California Ground Squirrel,Otospermophilus beecheyi,2021-05-13,15:35:11,1
H35,Artificial Refuge,Grassland,Mammalia,California Ground Squirrel,Otospermophilus beecheyi,2021-05-13,17:08:08,1
H35,Artificial Refuge,Grassland,Mammalia,Brush Rabbit,Sylvilagus bachmani,2021-05-13,19:43:01,1
H35,Artificial Refuge,Grassland,Mammalia,Brush Rabbit,Sylvilagus bachmani,2021-05-13,19:45:41,1
H35,Artificial Refuge,Grassland,Mammalia,Brush Rabbit,Sylvilagus bachmani,2021-05-13,19:55:30,1
H35,Artificial Refuge,Grassland,Mammalia,California Ground Squirrel,Otospermophilus beecheyi,2021-05-14,08:18:19,1
H35,Artificial Refuge,Grassland,Mammalia,California Ground Squirrel,Otospermophilus beecheyi,2021-05-14,08:20:59,1
H35,Artificial Refuge,Grassland,Mammalia,California Ground Squirrel,Otospermophilus beecheyi,2021-05-14,15:11:33,1
H35,Artificial Refuge,Grassland,Mammalia,Brush Rabbit,Sylvilagus bachmani,2021-05-14,20:10:31,1
H35,Artificial Refuge,Grassland,Mammalia,Brush Rabbit,Sylvilagus bachmani,2021-05-15,07:09:25,1
H35,Artificial Refuge,Grassland,Mammalia,Brush Rabbit,Sylvilagus bachmani,2021-05-15,07:42:05,1
H35,Artificial Refuge,Grassland,Mammalia,Brush Rabbit,Sylvilagus bachmani,2021-05-15,07:42:47,1
H35,Artificial Refuge,Grassland,Mammalia,California Ground Squirrel,Otospermophilus beecheyi,2021-05-15,08:22:34,1
H35,Artificial Refuge,Grassland,Mammalia,California Ground Squirrel,Otospermophilus beecheyi,2021-05-15,09:16:37,1
H35,Artificial Refuge,Grassland,Mammalia,California Ground Squirrel,Otospermophilus beecheyi,2021-05-15,09:21:02,1
H35,Artificial Refuge,Grassland,Mammalia,California Ground Squirrel,Otospermophilus beecheyi,2021-05-15,09:24:25,1
H35,Artificial Refuge,Grassland,Mammalia,California Ground Squirrel,Otospermophilus beecheyi,2021-05-15,12:45:09,1
H35,Artificial Refuge,Grassland,Mammalia,California Ground Squirrel,Otospermophilus beecheyi,2021-05-15,13:18:52,1
H35,Artificial Refuge,Grassland,Mammalia,California Ground Squirrel,Otospermophilus beecheyi,2021-05-15,14:10:14,2
H35,Artificial Refuge,Grassland,Mammalia,California Ground Squirrel,Otospermophilus beecheyi,2021-05-15,14:17:37,1
H35,Artificial Refuge,Grassland,Mammalia,California Ground Squirrel,Otospermophilus beecheyi,2021-05-15,16:19:38,1
H35,Artificial Refuge,Grassland,Mammalia,California Ground Squirrel,Otospermophilus beecheyi,2021-05-15,16:22:28,1
H35,Artificial Refuge,Grassland,Mammalia,California Ground Squirrel,Otospermophilus beecheyi,2021-05-15,16:24:07,1
H35,Artificial Refuge,Grassland,Mammalia,California Ground Squirrel,Otospermophilus beecheyi,2021-05-15,16:27:18,1
H35,Artificial Refuge,Grassland,Mammalia,California Ground Squirrel,Otospermophilus beecheyi,2021-05-15,16:46:53,1
H35,Artificial Refuge,Grassland,Mammalia,California Ground Squirrel,Otospermophilus beecheyi,2021-05-15,16:48:44,1
H35,Artificial Refuge,Grassland,Mammalia,Brush Rabbit,Sylvilagus bachmani,2021-05-15,20:11:28,1
H35,Artificial Refuge,Grassland,Mammalia,Brush Rabbit,Sylvilagus bachmani,2021-05-15,23:11:07,1
H35,Artificial Refuge,Grassland,Mammalia,Brush Rabbit,Sylvilagus bachmani,2021-05-16,05:30:18,1
H35,Artificial Refuge,Grassland,Mammalia,Brush Rabbit,Sylvilagus bachmani,2021-05-16,05:32:54,1
H35,Artificial Refuge,Grassland,Mammalia,Brush Rabbit,Sylvilagus bachmani,2021-05-16,05:36:35,1
H35,Artificial Refuge,Grassland,Mammalia,Brush Rabbit,Sylvilagus bachmani,2021-05-16,05:43:57,1
H35,Artificial Refuge,Grassland,Mammalia,Brush Rabbit,Sylvilagus bachmani,2021-05-16,05:45:48,1
H35,Artificial Refuge,Grassland,Mammalia,Brush Rabbit,Sylvilagus bachmani,2021-05-16,06:07:13,1
H35,Artificial Refuge,Grassland,Mammalia,Brush Rabbit,Sylvilagus bachmani,2021-05-16,06:10:45,1
H35,Artificial Refuge,Grassland,Mammalia,Brush Rabbit,Sylvilagus bachmani,2021-05-16,06:13:33,1
H35,Artificial Refuge,Grassland,Mammalia,Brush Rabbit,Sylvilagus bachmani,2021-05-16,06:17:41,1
H35,Artificial Refuge,Grassland,Mammalia,Brush Rabbit,Sylvilagus bachmani,2021-05-16,06:20:47,1
H35,Artificial Refuge,Grassland,Mammalia,Brush Rabbit,Sylvilagus bachmani,2021-05-16,07:14:57,1
H35,Artificial Refuge,Grassland,Mammalia,Brush Rabbit,Sylvilagus bachmani,2021-05-16,07:17:23,1
H35,Artificial Refuge,Grassland,Mammalia,Brush Rabbit,Sylvilagus bachmani,2021-05-16,07:20:18,1
H35,Artificial Refuge,Grassland,Mammalia,California Ground Squirrel,Otospermophilus beecheyi,2021-05-16,07:38:53,1
H35,Artificial Refuge,Grassland,Mammalia,California Ground Squirrel,Otospermophilus beecheyi,2021-05-16,08:35:25,1
H35,Artificial Refuge,Grassland,Mammalia,California Ground Squirrel,Otospermophilus beecheyi,2021-05-16,09:28:27,1
H35,Artificial Refuge,Grassland,Mammalia,California Ground Squirrel,Otospermophilus beecheyi,2021-05-16,10:26:47,1
H35,Artificial Refuge,Grassland,Mammalia,California Ground Squirrel,Otospermophilus beecheyi,2021-05-16,11:24:32,1
H35,Artificial Refuge,Grassland,Mammalia,California Ground Squirrel,Otospermophilus beecheyi,2021-05-16,11:26:48,1
H35,Artificial Refuge,Grassland,Mammalia,California Ground Squirrel,Otospermophilus beecheyi,2021-05-16,12:55:35,1
H35,Artificial Refuge,Grassland,Mammalia,California Ground Squirrel,Otospermophilus beecheyi,2021-05-16,12:59:38,1
H35,Artificial Refuge,Grassland,Mammalia,California Ground Squirrel,Otospermophilus beecheyi,2021-05-16,13:16:07,1
H35,Artificial Refuge,Grassland,Mammalia,California Ground Squirrel,Otospermophilus beecheyi,2021-05-16,13:29:07,1
H35,Artificial Refuge,Grassland,Mammalia,California Ground Squirrel,Otospermophilus beecheyi,2021-05-16,13:30:15,1
H35,Artificial Refuge,Grassland,Mammalia,California Ground Squirrel,Otospermophilus beecheyi,2021-05-16,13:37:54,1
H35,Artificial Refuge,Grassland,Mammalia,California Ground Squirrel,Otospermophilus beecheyi,2021-05-16,13:48:47,1
H35,Artificial Refuge,Grassland,Mammalia,California Ground Squirrel,Otospermophilus beecheyi,2021-05-16,13:52:26,1
H35,Artificial Refuge,Grassland,Mammalia,California Ground Squirrel,Otospermophilus beecheyi,2021-05-16,13:58:30,1
H35,Artificial Refuge,Grassland,Mammalia,California Ground Squirrel,Otospermophilus beecheyi,2021-05-16,13:59:42,1
H35,Artificial Refuge,Grassland,Mammalia,California Ground Squirrel,Otospermophilus beecheyi,2021-05-16,14:03:08,1
H35,Artificial Refuge,Grassland,Mammalia,California Ground Squirrel,Otospermophilus beecheyi,2021-05-16,14:06:09,1
H35,Artificial Refuge,Grassland,Mammalia,California Ground Squirrel,Otospermophilus beecheyi,2021-05-16,14:09:50,1
H35,Artificial Refuge,Grassland,Mammalia,California Ground Squirrel,Otospermophilus beecheyi,2021-05-16,14:13:57,1
H35,Artificial Refuge,Grassland,Mammalia,California Ground Squirrel,Otospermophilus beecheyi,2021-05-16,14:15:24,1
H35,Artificial Refuge,Grassland,Mammalia,California Ground Squirrel,Otospermophilus beecheyi,2021-05-16,14:17:39,1
H35,Artificial Refuge,Grassland,Mammalia,California Ground Squirrel,Otospermophilus beecheyi,2021-05-16,14:20:43,1
H35,Artificial Refuge,Grassland,Mammalia,California Ground Squirrel,Otospermophilus beecheyi,2021-05-16,14:21:52,1
H35,Artificial Refuge,Grassland,Mammalia,California Ground Squirrel,Otospermophilus beecheyi,2021-05-16,14:23:26,1
H35,Artificial Refuge,Grassland,Mammalia,California Ground Squirrel,Otospermophilus beecheyi,2021-05-16,14:25:13,1
H35,Artificial Refuge,Grassland,Mammalia,California Ground Squirrel,Otospermophilus beecheyi,2021-05-16,14:29:24,1
H35,Artificial Refuge,Grassland,Mammalia,California Ground Squirrel,Otospermophilus beecheyi,2021-05-16,14:33:33,1
H35,Artificial Refuge,Grassland,Mammalia,California Ground Squirrel,Otospermophilus beecheyi,2021-05-16,14:34:37,1
H35,Artificial Refuge,Grassland,Mammalia,California Ground Squirrel,Otospermophilus beecheyi,2021-05-16,14:36:59,1
H35,Artificial Refuge,Grassland,Mammalia,California Ground Squirrel,Otospermophilus beecheyi,2021-05-16,14:39:54,1
H35,Artificial Refuge,Grassland,Mammalia,California Ground Squirrel,Otospermophilus beecheyi,2021-05-16,14:44:51,2
H35,Artificial Refuge,Grassland,Mammalia,California Ground Squirrel,Otospermophilus beecheyi,2021-05-16,14:47:42,2
H35,Artificial Refuge,Grassland,Mammalia,California Ground Squirrel,Otospermophilus beecheyi,2021-05-16,14:50:46,2
H35,Artificial Refuge,Grassland,Mammalia,California Ground Squirrel,Otospermophilus beecheyi,2021-05-16,14:56:47,1
H35,Artificial Refuge,Grassland,Mammalia,California Ground Squirrel,Otospermophilus beecheyi,2021-05-16,14:58:18,1
H35,Artificial Refuge,Grassland,Mammalia,California Ground Squirrel,Otospermophilus beecheyi,2021-05-16,15:00:15,2
H35,Artificial Refuge,Grassland,Mammalia,California Ground Squirrel,Otospermophilus beecheyi,2021-05-16,15:05:37,2
H35,Artificial Refuge,Grassland,Mammalia,California Ground Squirrel,Otospermophilus beecheyi,2021-05-16,15:07:32,2
H35,Artificial Refuge,Grassland,Mammalia,California Ground Squirrel,Otospermophilus beecheyi,2021-05-16,15:11:43,2
H35,Artificial Refuge,Grassland,Mammalia,California Ground Squirrel,Otospermophilus beecheyi,2021-05-16,15:13:34,2
H35,Artificial Refuge,Grassland,Mammalia,California Ground Squirrel,Otospermophilus beecheyi,2021-05-16,15:25:32,1
H35,Artificial Refuge,Grassland,Mammalia,California Ground Squirrel,Otospermophilus beecheyi,2021-05-16,15:26:55,1
H35,Artificial Refuge,Grassland,Mammalia,North American Deermouse,Peromyscus maniculatus,2021-05-16,20:51:42,1
H35,Artificial Refuge,Grassland,Mammalia,Virginia Opossum,Didelphis virginiana,2021-05-16,22:08:52,1
H35,Artificial Refuge,Grassland,Mammalia,North American Deermouse,Peromyscus maniculatus,2021-05-16,22:19:12,1
H35,Artificial Refuge,Grassland,Mammalia,North American Deermouse,Peromyscus maniculatus,2021-05-16,22:21:52,1
H35,Artificial Refuge,Grassland,Mammalia,Brush Rabbit,Sylvilagus bachmani,2021-05-16,23:21:14,1
H35,Artificial Refuge,Grassland,Mammalia,Brush Rabbit,Sylvilagus bachmani,2021-05-16,23:33:49,1
H35,Artificial Refuge,Grassland,Mammalia,North American Deermouse,Peromyscus maniculatus,2021-05-17,03:00:50,1
H35,Artificial Refuge,Grassland,Mammalia,North American Deermouse,Peromyscus maniculatus,2021-05-17,03:03:19,1
H35,Artificial Refuge,Grassland,Mammalia,Brush Rabbit,Sylvilagus bachmani,2021-05-17,05:31:10,1
H35,Artificial Refuge,Grassland,Mammalia,Brush Rabbit,Sylvilagus bachmani,2021-05-17,05:34:19,1
H35,Artificial Refuge,Grassland,Mammalia,California Ground Squirrel,Otospermophilus beecheyi,2021-05-17,07:33:51,1
H35,Artificial Refuge,Grassland,Mammalia,California Ground Squirrel,Otospermophilus beecheyi,2021-05-17,07:38:37,1
H35,Artificial Refuge,Grassland,Mammalia,Brush Rabbit,Sylvilagus bachmani,2021-05-17,08:17:56,1
H35,Artificial Refuge,Grassland,Mammalia,Brush Rabbit,Sylvilagus bachmani,2021-05-17,08:35:23,1
H35,Artificial Refuge,Grassland,Mammalia,California Ground Squirrel,Otospermophilus beecheyi,2021-05-17,09:20:49,1
H35,Artificial Refuge,Grassland,Mammalia,California Ground Squirrel,Otospermophilus beecheyi,2021-05-17,09:39:04,1
H35,Artificial Refuge,Grassland,Mammalia,California Ground Squirrel,Otospermophilus beecheyi,2021-05-17,10:13:33,1
H35,Artificial Refuge,Grassland,Mammalia,California Ground Squirrel,Otospermophilus beecheyi,2021-05-17,11:08:56,1
H35,Artificial Refuge,Grassland,Aves,Lark Sparrow,Chondestes grammacus,2021-05-17,15:12:22,1
H35,Artificial Refuge,Grassland,Mammalia,California Ground Squirrel,Otospermophilus beecheyi,2021-05-17,16:36:45,1
H35,Artificial Refuge,Grassland,Mammalia,California Ground Squirrel,Otospermophilus beecheyi,2021-05-17,16:37:52,1
H35,Artificial Refuge,Grassland,Mammalia,North American Deermouse,Peromyscus maniculatus,2021-05-17,22:17:01,1
H35,Artificial Refuge,Grassland,Mammalia,Brush Rabbit,Sylvilagus bachmani,2021-05-18,00:19:03,1
H35,Artificial Refuge,Grassland,Mammalia,Brush Rabbit,Sylvilagus bachmani,2021-05-18,01:26:52,1
H35,Artificial Refuge,Grassland,Mammalia,Brush Rabbit,Sylvilagus bachmani,2021-05-18,01:32:36,1
H35,Artificial Refuge,Grassland,Mammalia,Brush Rabbit,Sylvilagus bachmani,2021-05-18,03:36:58,1
H35,Artificial Refuge,Grassland,Mammalia,Brush Rabbit,Sylvilagus bachmani,2021-05-18,06:38:21,1
H35,Artificial Refuge,Grassland,Mammalia,California Ground Squirrel,Otospermophilus beecheyi,2021-05-18,08:26:37,1
H35,Artificial Refuge,Grassland,Mammalia,California Ground Squirrel,Otospermophilus beecheyi,2021-05-18,09:12:16,1
H35,Artificial Refuge,Grassland,Mammalia,California Ground Squirrel,Otospermophilus beecheyi,2021-05-18,09:21:18,1
H35,Artificial Refuge,Grassland,Mammalia,California Ground Squirrel,Otospermophilus beecheyi,2021-05-18,09:31:29,1
H35,Artificial Refuge,Grassland,Mammalia,California Ground Squirrel,Otospermophilus beecheyi,2021-05-18,10:45:25,1
H35,Artificial Refuge,Grassland,Mammalia,California Ground Squirrel,Otospermophilus beecheyi,2021-05-18,10:48:02,1
H35,Artificial Refuge,Grassland,Mammalia,California Ground Squirrel,Otospermophilus beecheyi,2021-05-18,10:52:50,1
H35,Artificial Refuge,Grassland,Mammalia,California Ground Squirrel,Otospermophilus beecheyi,2021-05-18,11:09:41,1
H35,Artificial Refuge,Grassland,Mammalia,California Ground Squirrel,Otospermophilus beecheyi,2021-05-18,11:17:09,1
H35,Artificial Refuge,Grassland,Mammalia,California Ground Squirrel,Otospermophilus beecheyi,2021-05-18,11:18:24,1
H35,Artificial Refuge,Grassland,Mammalia,California Ground Squirrel,Otospermophilus beecheyi,2021-05-18,11:22:11,1
H35,Artificial Refuge,Grassland,Mammalia,California Ground Squirrel,Otospermophilus beecheyi,2021-05-18,11:47:24,1
H35,Artificial Refuge,Grassland,Mammalia,California Ground Squirrel,Otospermophilus beecheyi,2021-05-18,12:22:15,1
H36,Artificial Refuge,Scrub,Reptilia,Western fence lizard,Sceloporus occidentalis,2021-05-20,13:45:21,1
H36,Artificial Refuge,Scrub,Reptilia,Western fence lizard,Sceloporus occidentalis,2021-05-20,15:48:05,2
H36,Artificial Refuge,Scrub,Reptilia,Western fence lizard,Sceloporus occidentalis,2021-05-20,15:49:50,1
H36,Artificial Refuge,Scrub,Reptilia,Western fence lizard,Sceloporus occidentalis,2021-05-20,15:52:36,1
H36,Artificial Refuge,Scrub,Mammalia,Virginia Opossum,Didelphis virginiana,2021-05-20,20:34:56,1
H36,Artificial Refuge,Scrub,Mammalia,North American Deermouse,Peromyscus maniculatus,2021-05-21,02:40:38,1
H36,Artificial Refuge,Scrub,Mammalia,Brush Rabbit,Sylvilagus bachmani,2021-05-21,02:54:23,1
H36,Artificial Refuge,Scrub,Reptilia,Western fence lizard,Sceloporus occidentalis,2021-05-21,08:00:54,1
H36,Artificial Refuge,Scrub,Mammalia,California Ground Squirrel,Otospermophilus beecheyi,2021-05-21,09:16:37,1
H36,Artificial Refuge,Scrub,Mammalia,California Ground Squirrel,Otospermophilus beecheyi,2021-05-21,13:48:16,1
H36,Artificial Refuge,Scrub,Mammalia,California Ground Squirrel,Otospermophilus beecheyi,2021-05-21,15:29:49,1
H36,Artificial Refuge,Scrub,Mammalia,California Ground Squirrel,Otospermophilus beecheyi,2021-05-21,15:31:49,1
H36,Artificial Refuge,Scrub,Mammalia,California Ground Squirrel,Otospermophilus beecheyi,2021-05-21,15:39:07,1
H36,Artificial Refuge,Scrub,Mammalia,California Ground Squirrel,Otospermophilus beecheyi,2021-05-21,18:22:06,1
H36,Artificial Refuge,Scrub,Mammalia,California Ground Squirrel,Otospermophilus beecheyi,2021-05-21,18:26:04,1
H36,Artificial Refuge,Scrub,Mammalia,California Ground Squirrel,Otospermophilus beecheyi,2021-05-21,18:28:33,1
H36,Artificial Refuge,Scrub,Mammalia,California Ground Squirrel,Otospermophilus beecheyi,2021-05-21,18:40:32,1
H36,Artificial Refuge,Scrub,Mammalia,North American Deermouse,Peromyscus maniculatus,2021-05-22,02:15:38,1
H36,Artificial Refuge,Scrub,Mammalia,North American Deermouse,Peromyscus maniculatus,2021-05-22,02:58:03,1
H36,Artificial Refuge,Scrub,Mammalia,North American Deermouse,Peromyscus maniculatus,2021-05-22,03:47:32,1
H36,Artificial Refuge,Scrub,Reptilia,Western fence lizard,Sceloporus occidentalis,2021-05-22,07:57:10,1
H36,Artificial Refuge,Scrub,Mammalia,California Ground Squirrel,Otospermophilus beecheyi,2021-05-22,08:37:19,1
H36,Artificial Refuge,Scrub,Mammalia,California Ground Squirrel,Otospermophilus beecheyi,2021-05-22,08:39:05,1
H36,Artificial Refuge,Scrub,Mammalia,California Ground Squirrel,Otospermophilus beecheyi,2021-05-22,10:22:04,1
H36,Artificial Refuge,Scrub,Mammalia,California Ground Squirrel,Otospermophilus beecheyi,2021-05-22,11:01:23,1
H36,Artificial Refuge,Scrub,Mammalia,California Ground Squirrel,Otospermophilus beecheyi,2021-05-22,11:28:35,1
H36,Artificial Refuge,Scrub,Reptilia,Western fence lizard,Sceloporus occidentalis,2021-05-22,13:13:24,1
H36,Artificial Refuge,Scrub,Mammalia,California Ground Squirrel,Otospermophilus beecheyi,2021-05-22,15:48:21,1
H36,Artificial Refuge,Scrub,Reptilia,Western fence lizard,Sceloporus occidentalis,2021-05-22,16:47:51,2
H36,Artificial Refuge,Scrub,Reptilia,Western fence lizard,Sceloporus occidentalis,2021-05-22,16:50:51,1
H36,Artificial Refuge,Scrub,Reptilia,Western fence lizard,Sceloporus occidentalis,2021-05-23,09:11:52,1
H36,Artificial Refuge,Scrub,Mammalia,California Ground Squirrel,Otospermophilus beecheyi,2021-05-23,11:17:17,1
H36,Artificial Refuge,Scrub,Reptilia,Western fence lizard,Sceloporus occidentalis,2021-05-23,14:44:14,1
H36,Artificial Refuge,Scrub,Reptilia,Western fence lizard,Sceloporus occidentalis,2021-05-23,15:15:59,1
H36,Artificial Refuge,Scrub,Mammalia,Brush Rabbit,Sylvilagus bachmani,2021-05-23,19:08:29,1
H36,Artificial Refuge,Scrub,Mammalia,Brush Rabbit,Sylvilagus bachmani,2021-05-23,20:09:35,1
H36,Artificial Refuge,Scrub,Mammalia,Virginia Opossum,Didelphis virginiana,2021-05-23,21:50:14,1
H36,Artificial Refuge,Scrub,Mammalia,Brush Rabbit,Sylvilagus bachmani,2021-05-24,07:11:19,1
H36,Artificial Refuge,Scrub,Mammalia,California Ground Squirrel,Otospermophilus beecheyi,2021-05-24,13:01:10,1
H36,Artificial Refuge,Scrub,Mammalia,Brush Rabbit,Sylvilagus bachmani,2021-05-24,18:09:38,1
H36,Artificial Refuge,Scrub,Mammalia,Brush Rabbit,Sylvilagus bachmani,2021-05-24,18:15:11,1
H36,Artificial Refuge,Scrub,Mammalia,Brush Rabbit,Sylvilagus bachmani,2021-05-24,18:18:09,1
H36,Artificial Refuge,Scrub,Mammalia,Brush Rabbit,Sylvilagus bachmani,2021-05-24,18:20:03,1
H36,Artificial Refuge,Scrub,Mammalia,Brush Rabbit,Sylvilagus bachmani,2021-05-24,18:28:53,1
H36,Artificial Refuge,Scrub,Mammalia,Brush Rabbit,Sylvilagus bachmani,2021-05-24,19:26:28,1
H36,Artificial Refuge,Scrub,Mammalia,Brush Rabbit,Sylvilagus bachmani,2021-05-24,19:28:54,1
H36,Artificial Refuge,Scrub,Mammalia,Brush Rabbit,Sylvilagus bachmani,2021-05-24,19:44:14,1
H36,Artificial Refuge,Scrub,Mammalia,Brush Rabbit,Sylvilagus bachmani,2021-05-24,19:49:53,1
H36,Artificial Refuge,Scrub,Mammalia,Brush Rabbit,Sylvilagus bachmani,2021-05-24,19:52:57,1
H36,Artificial Refuge,Scrub,Mammalia,Virginia Opossum,Didelphis virginiana,2021-05-24,22:43:38,1
H39,Artificial Refuge,Scrub,Mammalia,California Ground Squirrel,Otospermophilus beecheyi,2021-04-29,18:04:01,1
H39,Artificial Refuge,Scrub,Mammalia,Brush Rabbit,Sylvilagus bachmani,2021-04-29,22:21:43,1
H39,Artificial Refuge,Scrub,Aves,American Crow,Corvus brachyrhynchos,2021-04-30,09:53:10,1
H39,Artificial Refuge,Scrub,Aves,American Crow,Corvus brachyrhynchos,2021-04-30,09:53:57,1
H39,Artificial Refuge,Scrub,Mammalia,California Ground Squirrel,Otospermophilus beecheyi,2021-04-30,16:12:05,1
H39,Artificial Refuge,Scrub,Mammalia,Brush Rabbit,Sylvilagus bachmani,2021-04-30,20:52:43,1
H39,Artificial Refuge,Scrub,Mammalia,Virginia Opossum,Didelphis virginiana,2021-04-30,22:46:38,1
H39,Artificial Refuge,Scrub,Mammalia,Virginia Opossum,Didelphis virginiana,2021-04-30,22:48:08,1
H39,Artificial Refuge,Scrub,Mammalia,Virginia Opossum,Didelphis virginiana,2021-05-01,00:24:47,1
H39,Artificial Refuge,Scrub,Mammalia,Virginia Opossum,Didelphis virginiana,2021-05-01,00:26:15,1
H39,Artificial Refuge,Scrub,Mammalia,California Ground Squirrel,Otospermophilus beecheyi,2021-05-01,09:34:54,1
H39,Artificial Refuge,Scrub,Mammalia,California Ground Squirrel,Otospermophilus beecheyi,2021-05-01,11:16:12,1
H39,Artificial Refuge,Scrub,Mammalia,California Ground Squirrel,Otospermophilus beecheyi,2021-05-01,11:28:09,1
H39,Artificial Refuge,Scrub,Mammalia,California Ground Squirrel,Otospermophilus beecheyi,2021-05-01,18:14:53,1
H39,Artificial Refuge,Scrub,Mammalia,California Ground Squirrel,Otospermophilus beecheyi,2021-05-01,18:16:14,1
H39,Artificial Refuge,Scrub,Mammalia,North American Deermouse,Peromyscus maniculatus,2021-05-02,00:35:56,1
H39,Artificial Refuge,Scrub,Mammalia,North American Deermouse,Peromyscus maniculatus,2021-05-02,00:37:59,1
H39,Artificial Refuge,Scrub,Reptilia,Western fence lizard,Sceloporus occidentalis,2021-05-02,11:27:41,1
H39,Artificial Refuge,Scrub,Reptilia,Western fence lizard,Sceloporus occidentalis,2021-05-02,11:44:14,1
H39,Artificial Refuge,Scrub,Mammalia,California Ground Squirrel,Otospermophilus beecheyi,2021-05-02,14:41:49,1
H39,Artificial Refuge,Scrub,Mammalia,California Ground Squirrel,Otospermophilus beecheyi,2021-05-02,14:45:57,1
H39,Artificial Refuge,Scrub,Mammalia,North American Deermouse,Peromyscus maniculatus,2021-05-02,21:37:57,1
H39,Artificial Refuge,Scrub,Mammalia,North American Deermouse,Peromyscus maniculatus,2021-05-02,21:42:09,1
H39,Artificial Refuge,Scrub,Mammalia,Virginia Opossum,Didelphis virginiana,2021-05-02,21:59:29,1
H39,Artificial Refuge,Scrub,Mammalia,Virginia Opossum,Didelphis virginiana,2021-05-02,22:02:33,1
H39,Artificial Refuge,Scrub,Mammalia,Brush Rabbit,Sylvilagus bachmani,2021-05-03,01:03:22,1
H39,Artificial Refuge,Scrub,Mammalia,Brush Rabbit,Sylvilagus bachmani,2021-05-03,02:38:27,1
H39,Artificial Refuge,Scrub,Mammalia,Brush Rabbit,Sylvilagus bachmani,2021-05-03,03:33:42,1
H39,Artificial Refuge,Scrub,Mammalia,Brush Rabbit,Sylvilagus bachmani,2021-05-04,00:29:53,1
H39,Artificial Refuge,Scrub,Mammalia,North American Deermouse,Peromyscus maniculatus,2021-05-04,00:55:12,1
H4,Artificial Refuge,Marsh,Aves,American Crow,Corvus brachyrhynchos,2021-05-20,17:22:14,1
H4,Artificial Refuge,Marsh,Aves,Canada Goose,Branta canadensis,2021-05-24,14:57:23,3
H40,Artificial Refuge,Marsh,Mammalia,Brush Rabbit,Sylvilagus bachmani,2021-05-13,17:35:01,1
H40,Artificial Refuge,Marsh,Mammalia,Brush Rabbit,Sylvilagus bachmani,2021-05-13,17:35:22,1
H40,Artificial Refuge,Marsh,Mammalia,Brush Rabbit,Sylvilagus bachmani,2021-05-13,17:37:11,1
H40,Artificial Refuge,Marsh,Mammalia,Brush Rabbit,Sylvilagus bachmani,2021-05-13,18:02:30,1
H40,Artificial Refuge,Marsh,Mammalia,Brush Rabbit,Sylvilagus bachmani,2021-05-13,18:04:56,1
H40,Artificial Refuge,Marsh,Mammalia,Brush Rabbit,Sylvilagus bachmani,2021-05-13,18:05:55,1
H40,Artificial Refuge,Marsh,Mammalia,Brush Rabbit,Sylvilagus bachmani,2021-05-13,18:34:14,1
H40,Artificial Refuge,Marsh,Mammalia,Brush Rabbit,Sylvilagus bachmani,2021-05-13,19:11:22,1
H40,Artificial Refuge,Marsh,Mammalia,Brush Rabbit,Sylvilagus bachmani,2021-05-13,19:14:56,1
H40,Artificial Refuge,Marsh,Mammalia,Brush Rabbit,Sylvilagus bachmani,2021-05-13,19:16:49,1
H40,Artificial Refuge,Marsh,Mammalia,North American Deermouse,Peromyscus maniculatus,2021-05-13,20:48:30,1
H40,Artificial Refuge,Marsh,Mammalia,North American Deermouse,Peromyscus maniculatus,2021-05-13,20:49:54,1
H40,Artificial Refuge,Marsh,Mammalia,North American Deermouse,Peromyscus maniculatus,2021-05-13,20:51:17,1
H40,Artificial Refuge,Marsh,Mammalia,North American Deermouse,Peromyscus maniculatus,2021-05-13,20:52:29,1
H40,Artificial Refuge,Marsh,Mammalia,North American Deermouse,Peromyscus maniculatus,2021-05-13,21:17:06,1
H40,Artificial Refuge,Marsh,Mammalia,North American Deermouse,Peromyscus maniculatus,2021-05-13,21:44:58,1
H40,Artificial Refuge,Marsh,Mammalia,North American Deermouse,Peromyscus maniculatus,2021-05-13,21:46:43,1
H40,Artificial Refuge,Marsh,Mammalia,North American Deermouse,Peromyscus maniculatus,2021-05-13,22:11:37,1
H40,Artificial Refuge,Marsh,Mammalia,North American Deermouse,Peromyscus maniculatus,2021-05-13,23:26:21,1
H40,Artificial Refuge,Marsh,Mammalia,North American Deermouse,Peromyscus maniculatus,2021-05-14,00:44:55,1
H40,Artificial Refuge,Marsh,Mammalia,North American Deermouse,Peromyscus maniculatus,2021-05-14,00:46:03,1
H40,Artificial Refuge,Marsh,Mammalia,North American Deermouse,Peromyscus maniculatus,2021-05-14,01:12:41,1
H40,Artificial Refuge,Marsh,Mammalia,North American Deermouse,Peromyscus maniculatus,2021-05-14,01:18:06,1
H40,Artificial Refuge,Marsh,Mammalia,North American Deermouse,Peromyscus maniculatus,2021-05-14,02:46:02,1
H40,Artificial Refuge,Marsh,Mammalia,North American Deermouse,Peromyscus maniculatus,2021-05-14,03:21:02,1
H40,Artificial Refuge,Marsh,Mammalia,Brush Rabbit,Sylvilagus bachmani,2021-05-14,05:51:37,1
H40,Artificial Refuge,Marsh,Mammalia,Brush Rabbit,Sylvilagus bachmani,2021-05-14,05:52:41,1
H40,Artificial Refuge,Marsh,Mammalia,Brush Rabbit,Sylvilagus bachmani,2021-05-14,07:41:36,1
H40,Artificial Refuge,Marsh,Mammalia,Brush Rabbit,Sylvilagus bachmani,2021-05-14,07:47:13,1
H40,Artificial Refuge,Marsh,Mammalia,Brush Rabbit,Sylvilagus bachmani,2021-05-14,07:48:00,1
H40,Artificial Refuge,Marsh,Mammalia,Brush Rabbit,Sylvilagus bachmani,2021-05-14,07:50:22,1
H40,Artificial Refuge,Marsh,Mammalia,Brush Rabbit,Sylvilagus bachmani,2021-05-14,07:53:10,1
H40,Artificial Refuge,Marsh,Mammalia,Brush Rabbit,Sylvilagus bachmani,2021-05-14,07:54:49,1
H40,Artificial Refuge,Marsh,Mammalia,Brush Rabbit,Sylvilagus bachmani,2021-05-14,07:55:52,1
H40,Artificial Refuge,Marsh,Mammalia,Brush Rabbit,Sylvilagus bachmani,2021-05-14,07:56:13,1
H40,Artificial Refuge,Marsh,Mammalia,Brush Rabbit,Sylvilagus bachmani,2021-05-14,07:58:33,1
H40,Artificial Refuge,Marsh,Mammalia,Brush Rabbit,Sylvilagus bachmani,2021-05-14,08:30:45,1
H40,Artificial Refuge,Marsh,Mammalia,Brush Rabbit,Sylvilagus bachmani,2021-05-14,08:31:57,1
H40,Artificial Refuge,Marsh,Mammalia,Brush Rabbit,Sylvilagus bachmani,2021-05-14,09:12:00,1
H40,Artificial Refuge,Marsh,Mammalia,Brush Rabbit,Sylvilagus bachmani,2021-05-14,09:21:33,1
H40,Artificial Refuge,Marsh,Mammalia,Brush Rabbit,Sylvilagus bachmani,2021-05-14,09:23:26,1
H40,Artificial Refuge,Marsh,Mammalia,Brush Rabbit,Sylvilagus bachmani,2021-05-14,09:29:46,1
H40,Artificial Refuge,Marsh,Mammalia,Brush Rabbit,Sylvilagus bachmani,2021-05-14,09:30:30,1
H40,Artificial Refuge,Marsh,Mammalia,Brush Rabbit,Sylvilagus bachmani,2021-05-14,09:47:51,1
H40,Artificial Refuge,Marsh,Mammalia,Brush Rabbit,Sylvilagus bachmani,2021-05-14,09:49:09,1
H40,Artificial Refuge,Marsh,Mammalia,Brush Rabbit,Sylvilagus bachmani,2021-05-14,10:12:52,1
H40,Artificial Refuge,Marsh,Mammalia,California Ground Squirrel,Otospermophilus beecheyi,2021-05-14,11:14:42,1
H40,Artificial Refuge,Marsh,Mammalia,California Ground Squirrel,Otospermophilus beecheyi,2021-05-14,11:16:49,1
H40,Artificial Refuge,Marsh,Mammalia,California Ground Squirrel,Otospermophilus beecheyi,2021-05-14,11:32:36,1
H40,Artificial Refuge,Marsh,Mammalia,California Ground Squirrel,Otospermophilus beecheyi,2021-05-14,11:33:35,1
H40,Artificial Refuge,Marsh,Mammalia,California Ground Squirrel,Otospermophilus beecheyi,2021-05-14,11:33:48,1
H40,Artificial Refuge,Marsh,Mammalia,California Ground Squirrel,Otospermophilus beecheyi,2021-05-14,11:34:43,1
H40,Artificial Refuge,Marsh,Mammalia,California Ground Squirrel,Otospermophilus beecheyi,2021-05-14,11:41:21,1
H40,Artificial Refuge,Marsh,Mammalia,California Ground Squirrel,Otospermophilus beecheyi,2021-05-14,11:44:35,1
H40,Artificial Refuge,Marsh,Mammalia,California Ground Squirrel,Otospermophilus beecheyi,2021-05-14,11:47:47,1
H40,Artificial Refuge,Marsh,Mammalia,California Ground Squirrel,Otospermophilus beecheyi,2021-05-14,11:54:19,1
H40,Artificial Refuge,Marsh,Mammalia,California Ground Squirrel,Otospermophilus beecheyi,2021-05-14,12:00:42,1
H40,Artificial Refuge,Marsh,Mammalia,California Ground Squirrel,Otospermophilus beecheyi,2021-05-14,12:03:30,1
H40,Artificial Refuge,Marsh,Mammalia,California Ground Squirrel,Otospermophilus beecheyi,2021-05-14,12:07:32,1
H40,Artificial Refuge,Marsh,Mammalia,California Ground Squirrel,Otospermophilus beecheyi,2021-05-14,12:11:59,1
H40,Artificial Refuge,Marsh,Mammalia,California Ground Squirrel,Otospermophilus beecheyi,2021-05-14,12:16:14,1
H40,Artificial Refuge,Marsh,Mammalia,California Ground Squirrel,Otospermophilus beecheyi,2021-05-14,12:19:42,1
H40,Artificial Refuge,Marsh,Mammalia,California Ground Squirrel,Otospermophilus beecheyi,2021-05-14,12:25:10,1
H40,Artificial Refuge,Marsh,Mammalia,California Ground Squirrel,Otospermophilus beecheyi,2021-05-14,12:32:33,1
H40,Artificial Refuge,Marsh,Mammalia,California Ground Squirrel,Otospermophilus beecheyi,2021-05-14,14:13:27,1
H40,Artificial Refuge,Marsh,Mammalia,California Ground Squirrel,Otospermophilus beecheyi,2021-05-14,17:19:10,2
H40,Artificial Refuge,Marsh,Mammalia,California Ground Squirrel,Otospermophilus beecheyi,2021-05-14,17:22:27,1
H40,Artificial Refuge,Marsh,Mammalia,California Ground Squirrel,Otospermophilus beecheyi,2021-05-14,18:47:41,1
H40,Artificial Refuge,Marsh,Mammalia,California Ground Squirrel,Otospermophilus beecheyi,2021-05-14,18:57:10,1
H40,Artificial Refuge,Marsh,Mammalia,California Ground Squirrel,Otospermophilus beecheyi,2021-05-14,19:01:41,1
H40,Artificial Refuge,Marsh,Mammalia,California Ground Squirrel,Otospermophilus beecheyi,2021-05-14,19:04:40,1
H40,Artificial Refuge,Marsh,Mammalia,California Ground Squirrel,Otospermophilus beecheyi,2021-05-14,19:09:32,1
H40,Artificial Refuge,Marsh,Mammalia,Brush Rabbit,Sylvilagus bachmani,2021-05-14,20:04:17,1
H40,Artificial Refuge,Marsh,Mammalia,North American Deermouse,Peromyscus maniculatus,2021-05-14,21:24:25,1
H40,Artificial Refuge,Marsh,Mammalia,North American Deermouse,Peromyscus maniculatus,2021-05-14,21:25:55,1
H40,Artificial Refuge,Marsh,Mammalia,North American Deermouse,Peromyscus maniculatus,2021-05-14,22:52:39,1
H40,Artificial Refuge,Marsh,Mammalia,North American Deermouse,Peromyscus maniculatus,2021-05-14,22:55:14,1
H40,Artificial Refuge,Marsh,Mammalia,North American Deermouse,Peromyscus maniculatus,2021-05-15,00:11:42,1
H40,Artificial Refuge,Marsh,Mammalia,North American Deermouse,Peromyscus maniculatus,2021-05-15,02:46:52,1
H40,Artificial Refuge,Marsh,Mammalia,North American Deermouse,Peromyscus maniculatus,2021-05-15,02:48:17,1
H40,Artificial Refuge,Marsh,Mammalia,North American Deermouse,Peromyscus maniculatus,2021-05-15,02:49:43,1
H40,Artificial Refuge,Marsh,Mammalia,North American Deermouse,Peromyscus maniculatus,2021-05-15,03:32:43,1
H40,Artificial Refuge,Marsh,Mammalia,North American Deermouse,Peromyscus maniculatus,2021-05-15,05:06:21,1
H40,Artificial Refuge,Marsh,Mammalia,Brush Rabbit,Sylvilagus bachmani,2021-05-15,05:46:29,1
H40,Artificial Refuge,Marsh,Mammalia,Brush Rabbit,Sylvilagus bachmani,2021-05-15,06:30:04,1
H40,Artificial Refuge,Marsh,Mammalia,Brush Rabbit,Sylvilagus bachmani,2021-05-15,06:33:29,1
H40,Artificial Refuge,Marsh,Mammalia,Brush Rabbit,Sylvilagus bachmani,2021-05-15,06:49:15,1
H40,Artificial Refuge,Marsh,Mammalia,Brush Rabbit,Sylvilagus bachmani,2021-05-15,06:51:55,1
H40,Artificial Refuge,Marsh,Mammalia,Brush Rabbit,Sylvilagus bachmani,2021-05-15,07:36:11,1
H40,Artificial Refuge,Marsh,Mammalia,California Ground Squirrel,Otospermophilus beecheyi,2021-05-15,08:25:47,1
H40,Artificial Refuge,Marsh,Mammalia,California Ground Squirrel,Otospermophilus beecheyi,2021-05-15,08:27:18,1
H40,Artificial Refuge,Marsh,Mammalia,California Ground Squirrel,Otospermophilus beecheyi,2021-05-15,08:31:40,1
H40,Artificial Refuge,Marsh,Mammalia,California Ground Squirrel,Otospermophilus beecheyi,2021-05-15,08:34:26,1
H40,Artificial Refuge,Marsh,Mammalia,California Ground Squirrel,Otospermophilus beecheyi,2021-05-15,08:53:44,1
H40,Artificial Refuge,Marsh,Mammalia,California Ground Squirrel,Otospermophilus beecheyi,2021-05-15,09:12:23,1
H40,Artificial Refuge,Marsh,Mammalia,California Ground Squirrel,Otospermophilus beecheyi,2021-05-15,09:24:29,1
H40,Artificial Refuge,Marsh,Mammalia,California Ground Squirrel,Otospermophilus beecheyi,2021-05-15,09:44:07,1
H40,Artificial Refuge,Marsh,Reptilia,Western fence lizard,Sceloporus occidentalis,2021-05-15,14:30:45,1
H40,Artificial Refuge,Marsh,Reptilia,Western fence lizard,Sceloporus occidentalis,2021-05-15,15:26:50,1
H40,Artificial Refuge,Marsh,Reptilia,Western fence lizard,Sceloporus occidentalis,2021-05-15,15:29:12,1
H40,Artificial Refuge,Marsh,Reptilia,Western fence lizard,Sceloporus occidentalis,2021-05-15,15:32:52,1
H40,Artificial Refuge,Marsh,Mammalia,North American Deermouse,Peromyscus maniculatus,2021-05-15,21:25:59,1
H40,Artificial Refuge,Marsh,Mammalia,North American Deermouse,Peromyscus maniculatus,2021-05-15,21:55:23,1
H40,Artificial Refuge,Marsh,Mammalia,North American Deermouse,Peromyscus maniculatus,2021-05-15,23:48:58,1
H40,Artificial Refuge,Marsh,Mammalia,North American Deermouse,Peromyscus maniculatus,2021-05-15,23:54:19,1
H40,Artificial Refuge,Marsh,Mammalia,North American Deermouse,Peromyscus maniculatus,2021-05-15,23:56:37,1
H40,Artificial Refuge,Marsh,Mammalia,North American Deermouse,Peromyscus maniculatus,2021-05-16,00:31:20,1
H40,Artificial Refuge,Marsh,Mammalia,North American Deermouse,Peromyscus maniculatus,2021-05-16,00:45:04,1
H40,Artificial Refuge,Marsh,Mammalia,North American Deermouse,Peromyscus maniculatus,2021-05-16,01:13:34,1
H40,Artificial Refuge,Marsh,Mammalia,North American Deermouse,Peromyscus maniculatus,2021-05-16,02:48:39,1
H40,Artificial Refuge,Marsh,Mammalia,North American Deermouse,Peromyscus maniculatus,2021-05-16,02:51:19,1
H40,Artificial Refuge,Marsh,Mammalia,Brush Rabbit,Sylvilagus bachmani,2021-05-16,05:51:28,1
H40,Artificial Refuge,Marsh,Mammalia,Brush Rabbit,Sylvilagus bachmani,2021-05-16,05:55:14,1
H40,Artificial Refuge,Marsh,Mammalia,Brush Rabbit,Sylvilagus bachmani,2021-05-16,06:04:45,1
H40,Artificial Refuge,Marsh,Mammalia,Brush Rabbit,Sylvilagus bachmani,2021-05-16,08:13:18,1
H40,Artificial Refuge,Marsh,Mammalia,Brush Rabbit,Sylvilagus bachmani,2021-05-16,08:14:41,1
H40,Artificial Refuge,Marsh,Mammalia,Brush Rabbit,Sylvilagus bachmani,2021-05-16,08:18:36,1
H40,Artificial Refuge,Marsh,Mammalia,Brush Rabbit,Sylvilagus bachmani,2021-05-16,08:19:37,1
H40,Artificial Refuge,Marsh,Mammalia,Brush Rabbit,Sylvilagus bachmani,2021-05-16,08:21:45,1
H40,Artificial Refuge,Marsh,Mammalia,Brush Rabbit,Sylvilagus bachmani,2021-05-16,08:23:30,1
H40,Artificial Refuge,Marsh,Mammalia,Brush Rabbit,Sylvilagus bachmani,2021-05-16,08:41:51,1
H40,Artificial Refuge,Marsh,Mammalia,Brush Rabbit,Sylvilagus bachmani,2021-05-16,09:50:09,1
H40,Artificial Refuge,Marsh,Mammalia,Brush Rabbit,Sylvilagus bachmani,2021-05-16,09:54:05,1
H40,Artificial Refuge,Marsh,Mammalia,California Ground Squirrel,Otospermophilus beecheyi,2021-05-16,10:29:24,1
H40,Artificial Refuge,Marsh,Mammalia,California Ground Squirrel,Otospermophilus beecheyi,2021-05-16,10:38:54,1
H40,Artificial Refuge,Marsh,Mammalia,California Ground Squirrel,Otospermophilus beecheyi,2021-05-16,12:09:41,1
H40,Artificial Refuge,Marsh,Mammalia,California Ground Squirrel,Otospermophilus beecheyi,2021-05-16,12:11:53,1
H40,Artificial Refuge,Marsh,Reptilia,Western fence lizard,Sceloporus occidentalis,2021-05-16,15:31:19,1
H40,Artificial Refuge,Marsh,Reptilia,Western fence lizard,Sceloporus occidentalis,2021-05-16,15:33:41,1
H40,Artificial Refuge,Marsh,Mammalia,Brush Rabbit,Sylvilagus bachmani,2021-05-16,18:33:53,1
H40,Artificial Refuge,Marsh,Mammalia,Brush Rabbit,Sylvilagus bachmani,2021-05-16,19:05:09,3
H40,Artificial Refuge,Marsh,Mammalia,Brush Rabbit,Sylvilagus bachmani,2021-05-16,19:16:36,1
H40,Artificial Refuge,Marsh,Mammalia,Brush Rabbit,Sylvilagus bachmani,2021-05-16,19:22:20,1
H40,Artificial Refuge,Marsh,Mammalia,North American Deermouse,Peromyscus maniculatus,2021-05-16,21:51:56,1
H40,Artificial Refuge,Marsh,Mammalia,North American Deermouse,Peromyscus maniculatus,2021-05-16,22:33:38,1
H40,Artificial Refuge,Marsh,Mammalia,North American Deermouse,Peromyscus maniculatus,2021-05-16,22:52:13,1
H40,Artificial Refuge,Marsh,Mammalia,North American Deermouse,Peromyscus maniculatus,2021-05-16,23:13:57,1
H40,Artificial Refuge,Marsh,Mammalia,North American Deermouse,Peromyscus maniculatus,2021-05-16,23:24:09,1
H40,Artificial Refuge,Marsh,Mammalia,North American Deermouse,Peromyscus maniculatus,2021-05-16,23:26:56,1
H40,Artificial Refuge,Marsh,Mammalia,North American Deermouse,Peromyscus maniculatus,2021-05-17,00:19:32,1
H40,Artificial Refuge,Marsh,Mammalia,North American Deermouse,Peromyscus maniculatus,2021-05-17,00:24:08,1
H40,Artificial Refuge,Marsh,Mammalia,North American Deermouse,Peromyscus maniculatus,2021-05-17,01:14:24,1
H40,Artificial Refuge,Marsh,Mammalia,North American Deermouse,Peromyscus maniculatus,2021-05-17,02:39:05,1
H40,Artificial Refuge,Marsh,Mammalia,North American Deermouse,Peromyscus maniculatus,2021-05-17,03:20:32,1
H40,Artificial Refuge,Marsh,Mammalia,North American Deermouse,Peromyscus maniculatus,2021-05-17,03:21:58,1
H40,Artificial Refuge,Marsh,Mammalia,North American Deermouse,Peromyscus maniculatus,2021-05-17,04:51:40,1
H40,Artificial Refuge,Marsh,Mammalia,North American Deermouse,Peromyscus maniculatus,2021-05-17,04:57:26,1
H40,Artificial Refuge,Marsh,Mammalia,North American Deermouse,Peromyscus maniculatus,2021-05-17,05:10:23,1
H40,Artificial Refuge,Marsh,Mammalia,Brush Rabbit,Sylvilagus bachmani,2021-05-17,05:43:02,1
H40,Artificial Refuge,Marsh,Mammalia,Brush Rabbit,Sylvilagus bachmani,2021-05-17,06:00:13,1
H40,Artificial Refuge,Marsh,Mammalia,Brush Rabbit,Sylvilagus bachmani,2021-05-17,06:05:55,1
H40,Artificial Refuge,Marsh,Mammalia,Brush Rabbit,Sylvilagus bachmani,2021-05-17,06:24:36,1
H40,Artificial Refuge,Marsh,Mammalia,Brush Rabbit,Sylvilagus bachmani,2021-05-17,06:29:25,1
H40,Artificial Refuge,Marsh,Mammalia,Brush Rabbit,Sylvilagus bachmani,2021-05-17,06:31:51,1
H40,Artificial Refuge,Marsh,Mammalia,Brush Rabbit,Sylvilagus bachmani,2021-05-17,06:33:18,1
H40,Artificial Refuge,Marsh,Mammalia,Brush Rabbit,Sylvilagus bachmani,2021-05-17,06:49:27,1
H40,Artificial Refuge,Marsh,Mammalia,Brush Rabbit,Sylvilagus bachmani,2021-05-17,06:54:19,1
H40,Artificial Refuge,Marsh,Mammalia,Brush Rabbit,Sylvilagus bachmani,2021-05-17,06:54:59,1
H40,Artificial Refuge,Marsh,Mammalia,Brush Rabbit,Sylvilagus bachmani,2021-05-17,06:56:16,1
H40,Artificial Refuge,Marsh,Mammalia,Brush Rabbit,Sylvilagus bachmani,2021-05-17,07:00:08,1
H40,Artificial Refuge,Marsh,Mammalia,Brush Rabbit,Sylvilagus bachmani,2021-05-17,07:41:35,1
H40,Artificial Refuge,Marsh,Mammalia,Brush Rabbit,Sylvilagus bachmani,2021-05-17,08:16:21,1
H40,Artificial Refuge,Marsh,Mammalia,Brush Rabbit,Sylvilagus bachmani,2021-05-17,08:22:12,1
H40,Artificial Refuge,Marsh,Mammalia,Brush Rabbit,Sylvilagus bachmani,2021-05-17,08:25:53,1
H40,Artificial Refuge,Marsh,Mammalia,Brush Rabbit,Sylvilagus bachmani,2021-05-17,08:33:57,1
H40,Artificial Refuge,Marsh,Mammalia,Brush Rabbit,Sylvilagus bachmani,2021-05-17,08:37:21,1
H40,Artificial Refuge,Marsh,Mammalia,Brush Rabbit,Sylvilagus bachmani,2021-05-17,08:40:41,1
H40,Artificial Refuge,Marsh,Mammalia,Brush Rabbit,Sylvilagus bachmani,2021-05-17,08:42:49,1
H40,Artificial Refuge,Marsh,Mammalia,California Ground Squirrel,Otospermophilus beecheyi,2021-05-17,09:16:54,1
H40,Artificial Refuge,Marsh,Mammalia,California Ground Squirrel,Otospermophilus beecheyi,2021-05-17,09:23:37,1
H40,Artificial Refuge,Marsh,Mammalia,California Ground Squirrel,Otospermophilus beecheyi,2021-05-17,09:33:15,1
H40,Artificial Refuge,Marsh,Mammalia,California Ground Squirrel,Otospermophilus beecheyi,2021-05-17,09:38:03,1
H40,Artificial Refuge,Marsh,Mammalia,California Ground Squirrel,Otospermophilus beecheyi,2021-05-17,09:48:15,1
H40,Artificial Refuge,Marsh,Mammalia,California Ground Squirrel,Otospermophilus beecheyi,2021-05-17,09:49:28,1
H40,Artificial Refuge,Marsh,Mammalia,California Ground Squirrel,Otospermophilus beecheyi,2021-05-17,10:15:30,1
H40,Artificial Refuge,Marsh,Mammalia,California Ground Squirrel,Otospermophilus beecheyi,2021-05-17,10:49:39,1
H40,Artificial Refuge,Marsh,Mammalia,California Ground Squirrel,Otospermophilus beecheyi,2021-05-17,12:03:03,1
H40,Artificial Refuge,Marsh,Mammalia,California Ground Squirrel,Otospermophilus beecheyi,2021-05-17,12:05:30,1
H40,Artificial Refuge,Marsh,Mammalia,California Ground Squirrel,Otospermophilus beecheyi,2021-05-17,12:09:45,1
H40,Artificial Refuge,Marsh,Reptilia,Western fence lizard,Sceloporus occidentalis,2021-05-17,15:16:17,1
H40,Artificial Refuge,Marsh,Mammalia,Brush Rabbit,Sylvilagus bachmani,2021-05-17,18:05:12,1
H40,Artificial Refuge,Marsh,Mammalia,Brush Rabbit,Sylvilagus bachmani,2021-05-17,18:14:07,1
H40,Artificial Refuge,Marsh,Mammalia,Brush Rabbit,Sylvilagus bachmani,2021-05-17,18:16:29,1
H40,Artificial Refuge,Marsh,Mammalia,Brush Rabbit,Sylvilagus bachmani,2021-05-17,18:25:52,1
H40,Artificial Refuge,Marsh,Mammalia,North American Deermouse,Peromyscus maniculatus,2021-05-17,21:18:53,1
H40,Artificial Refuge,Marsh,Mammalia,North American Deermouse,Peromyscus maniculatus,2021-05-18,00:18:52,1
H40,Artificial Refuge,Marsh,Mammalia,North American Deermouse,Peromyscus maniculatus,2021-05-18,00:21:04,1
H40,Artificial Refuge,Marsh,Mammalia,North American Deermouse,Peromyscus maniculatus,2021-05-18,00:26:37,1
H40,Artificial Refuge,Marsh,Mammalia,North American Deermouse,Peromyscus maniculatus,2021-05-18,00:28:55,2
H40,Artificial Refuge,Marsh,Mammalia,North American Deermouse,Peromyscus maniculatus,2021-05-18,00:32:54,1
H40,Artificial Refuge,Marsh,Mammalia,North American Deermouse,Peromyscus maniculatus,2021-05-18,00:35:07,1
H40,Artificial Refuge,Marsh,Mammalia,North American Deermouse,Peromyscus maniculatus,2021-05-18,00:40:10,1
H40,Artificial Refuge,Marsh,Mammalia,North American Deermouse,Peromyscus maniculatus,2021-05-18,01:27:01,1
H40,Artificial Refuge,Marsh,Mammalia,Brush Rabbit,Sylvilagus bachmani,2021-05-18,01:32:58,1
H40,Artificial Refuge,Marsh,Mammalia,Brush Rabbit,Sylvilagus bachmani,2021-05-18,01:42:45,1
H40,Artificial Refuge,Marsh,Mammalia,North American Deermouse,Peromyscus maniculatus,2021-05-18,03:08:30,1
H40,Artificial Refuge,Marsh,Mammalia,North American Deermouse,Peromyscus maniculatus,2021-05-18,04:55:51,1
H40,Artificial Refuge,Marsh,Mammalia,Brush Rabbit,Sylvilagus bachmani,2021-05-18,08:13:52,1
H40,Artificial Refuge,Marsh,Reptilia,Western fence lizard,Sceloporus occidentalis,2021-05-18,10:07:05,1
H40,Artificial Refuge,Marsh,Reptilia,Western fence lizard,Sceloporus occidentalis,2021-05-18,10:11:23,1
H40,Artificial Refuge,Marsh,Reptilia,Western fence lizard,Sceloporus occidentalis,2021-05-18,10:16:31,1
H40,Artificial Refuge,Marsh,Reptilia,Western fence lizard,Sceloporus occidentalis,2021-05-18,10:21:03,1
H40,Artificial Refuge,Marsh,Reptilia,Western fence lizard,Sceloporus occidentalis,2021-05-18,10:25:09,1
H40,Artificial Refuge,Marsh,Reptilia,Western fence lizard,Sceloporus occidentalis,2021-05-18,10:27:30,1
H42,Artificial Refuge,Scrub,Mammalia,Brush Rabbit,Sylvilagus bachmani,2021-05-06,23:42:50,1
H42,Artificial Refuge,Scrub,Mammalia,California Ground Squirrel,Otospermophilus beecheyi,2021-05-07,10:14:09,1
H42,Artificial Refuge,Scrub,Reptilia,Western fence lizard,Sceloporus occidentalis,2021-05-07,11:54:15,1
H42,Artificial Refuge,Scrub,Reptilia,Western fence lizard,Sceloporus occidentalis,2021-05-07,13:10:29,2
H42,Artificial Refuge,Scrub,Reptilia,Western fence lizard,Sceloporus occidentalis,2021-05-07,13:30:40,1
H42,Artificial Refuge,Scrub,Reptilia,Western fence lizard,Sceloporus occidentalis,2021-05-07,14:01:49,1
H42,Artificial Refuge,Scrub,Reptilia,Western fence lizard,Sceloporus occidentalis,2021-05-07,14:06:45,1
H42,Artificial Refuge,Scrub,Reptilia,Western fence lizard,Sceloporus occidentalis,2021-05-07,14:07:50,1
H42,Artificial Refuge,Scrub,Reptilia,Western fence lizard,Sceloporus occidentalis,2021-05-07,14:13:57,1
H42,Artificial Refuge,Scrub,Reptilia,Western fence lizard,Sceloporus occidentalis,2021-05-07,14:15:41,1
H42,Artificial Refuge,Scrub,Reptilia,Western fence lizard,Sceloporus occidentalis,2021-05-07,14:19:58,1
H42,Artificial Refuge,Scrub,Reptilia,Western fence lizard,Sceloporus occidentalis,2021-05-07,14:21:14,1
H42,Artificial Refuge,Scrub,Reptilia,Western fence lizard,Sceloporus occidentalis,2021-05-07,14:27:49,1
H42,Artificial Refuge,Scrub,Reptilia,Western fence lizard,Sceloporus occidentalis,2021-05-07,14:43:50,1
H42,Artificial Refuge,Scrub,Reptilia,Western fence lizard,Sceloporus occidentalis,2021-05-07,14:47:15,1
H42,Artificial Refuge,Scrub,Reptilia,Western fence lizard,Sceloporus occidentalis,2021-05-07,14:51:40,2
H42,Artificial Refuge,Scrub,Reptilia,Western fence lizard,Sceloporus occidentalis,2021-05-07,14:57:13,1
H42,Artificial Refuge,Scrub,Reptilia,Western fence lizard,Sceloporus occidentalis,2021-05-07,15:02:26,1
H42,Artificial Refuge,Scrub,Reptilia,Western fence lizard,Sceloporus occidentalis,2021-05-07,15:06:01,1
H42,Artificial Refuge,Scrub,Reptilia,Western fence lizard,Sceloporus occidentalis,2021-05-07,15:07:15,1
H42,Artificial Refuge,Scrub,Reptilia,Western fence lizard,Sceloporus occidentalis,2021-05-07,15:08:34,1
H42,Artificial Refuge,Scrub,Reptilia,Western fence lizard,Sceloporus occidentalis,2021-05-07,15:11:01,1
H42,Artificial Refuge,Scrub,Reptilia,Western fence lizard,Sceloporus occidentalis,2021-05-07,15:13:55,1
H42,Artificial Refuge,Scrub,Reptilia,Western fence lizard,Sceloporus occidentalis,2021-05-07,15:15:13,1
H42,Artificial Refuge,Scrub,Reptilia,Western fence lizard,Sceloporus occidentalis,2021-05-07,15:17:17,1
H42,Artificial Refuge,Scrub,Reptilia,Western fence lizard,Sceloporus occidentalis,2021-05-07,15:19:56,1
H42,Artificial Refuge,Scrub,Reptilia,Western fence lizard,Sceloporus occidentalis,2021-05-07,15:26:24,2
H42,Artificial Refuge,Scrub,Reptilia,Western fence lizard,Sceloporus occidentalis,2021-05-07,15:28:20,2
H42,Artificial Refuge,Scrub,Reptilia,Western fence lizard,Sceloporus occidentalis,2021-05-07,15:31:22,2
H42,Artificial Refuge,Scrub,Reptilia,Western fence lizard,Sceloporus occidentalis,2021-05-07,15:37:39,2
H42,Artificial Refuge,Scrub,Mammalia,California Ground Squirrel,Otospermophilus beecheyi,2021-05-07,15:37:58,1
H42,Artificial Refuge,Scrub,Reptilia,Western fence lizard,Sceloporus occidentalis,2021-05-07,15:37:58,1
H42,Artificial Refuge,Scrub,Reptilia,Western fence lizard,Sceloporus occidentalis,2021-05-07,15:54:44,1
H42,Artificial Refuge,Scrub,Reptilia,Western fence lizard,Sceloporus occidentalis,2021-05-07,15:55:47,1
H42,Artificial Refuge,Scrub,Reptilia,Western fence lizard,Sceloporus occidentalis,2021-05-07,15:57:33,1
H42,Artificial Refuge,Scrub,Reptilia,Western fence lizard,Sceloporus occidentalis,2021-05-07,15:58:38,1
H42,Artificial Refuge,Scrub,Reptilia,Western fence lizard,Sceloporus occidentalis,2021-05-07,16:00:59,1
H42,Artificial Refuge,Scrub,Reptilia,Western fence lizard,Sceloporus occidentalis,2021-05-07,16:04:34,1
H42,Artificial Refuge,Scrub,Reptilia,Western fence lizard,Sceloporus occidentalis,2021-05-07,16:08:35,1
H42,Artificial Refuge,Scrub,Reptilia,Western fence lizard,Sceloporus occidentalis,2021-05-07,16:20:33,2
H42,Artificial Refuge,Scrub,Reptilia,Western fence lizard,Sceloporus occidentalis,2021-05-07,16:23:49,1
H42,Artificial Refuge,Scrub,Reptilia,Western fence lizard,Sceloporus occidentalis,2021-05-07,16:25:23,1
H42,Artificial Refuge,Scrub,Reptilia,Western fence lizard,Sceloporus occidentalis,2021-05-07,16:26:04,1
H42,Artificial Refuge,Scrub,Reptilia,Western fence lizard,Sceloporus occidentalis,2021-05-07,16:28:55,1
H42,Artificial Refuge,Scrub,Reptilia,Western fence lizard,Sceloporus occidentalis,2021-05-07,16:37:15,1
H42,Artificial Refuge,Scrub,Reptilia,Western fence lizard,Sceloporus occidentalis,2021-05-07,16:54:51,1
H42,Artificial Refuge,Scrub,Reptilia,Western fence lizard,Sceloporus occidentalis,2021-05-07,17:08:19,1
H42,Artificial Refuge,Scrub,Reptilia,Western fence lizard,Sceloporus occidentalis,2021-05-07,17:09:47,1
H42,Artificial Refuge,Scrub,Reptilia,Western fence lizard,Sceloporus occidentalis,2021-05-07,17:11:13,1
H42,Artificial Refuge,Scrub,Reptilia,Western fence lizard,Sceloporus occidentalis,2021-05-07,17:23:23,1
H42,Artificial Refuge,Scrub,Mammalia,North American Deermouse,Peromyscus maniculatus,2021-05-07,21:11:40,1
H42,Artificial Refuge,Scrub,Mammalia,Brush Rabbit,Sylvilagus bachmani,2021-05-07,23:21:24,1
H42,Artificial Refuge,Scrub,Mammalia,Brush Rabbit,Sylvilagus bachmani,2021-05-08,00:00:39,1
H42,Artificial Refuge,Scrub,Mammalia,California Ground Squirrel,Otospermophilus beecheyi,2021-05-08,09:02:26,1
H42,Artificial Refuge,Scrub,Reptilia,Western fence lizard,Sceloporus occidentalis,2021-05-08,09:33:47,1
H42,Artificial Refuge,Scrub,Reptilia,Western fence lizard,Sceloporus occidentalis,2021-05-08,09:50:29,1
H42,Artificial Refuge,Scrub,Reptilia,Western fence lizard,Sceloporus occidentalis,2021-05-08,09:54:41,1
H42,Artificial Refuge,Scrub,Mammalia,California Ground Squirrel,Otospermophilus beecheyi,2021-05-08,09:54:53,1
H42,Artificial Refuge,Scrub,Mammalia,California Ground Squirrel,Otospermophilus beecheyi,2021-05-08,09:59:48,1
H42,Artificial Refuge,Scrub,Mammalia,California Ground Squirrel,Otospermophilus beecheyi,2021-05-08,10:04:06,1
H42,Artificial Refuge,Scrub,Mammalia,California Ground Squirrel,Otospermophilus beecheyi,2021-05-08,10:06:26,1
H42,Artificial Refuge,Scrub,Mammalia,California Ground Squirrel,Otospermophilus beecheyi,2021-05-08,10:07:28,1
H42,Artificial Refuge,Scrub,Mammalia,California Ground Squirrel,Otospermophilus beecheyi,2021-05-08,10:10:11,1
H42,Artificial Refuge,Scrub,Mammalia,California Ground Squirrel,Otospermophilus beecheyi,2021-05-08,10:14:11,1
H42,Artificial Refuge,Scrub,Reptilia,Western fence lizard,Sceloporus occidentalis,2021-05-08,10:36:47,1
H42,Artificial Refuge,Scrub,Reptilia,Western fence lizard,Sceloporus occidentalis,2021-05-08,10:38:48,1
H42,Artificial Refuge,Scrub,Reptilia,Western fence lizard,Sceloporus occidentalis,2021-05-08,10:38:54,1
H42,Artificial Refuge,Scrub,Reptilia,Western fence lizard,Sceloporus occidentalis,2021-05-08,10:40:37,1
H42,Artificial Refuge,Scrub,Reptilia,Western fence lizard,Sceloporus occidentalis,2021-05-08,10:41:42,1
H42,Artificial Refuge,Scrub,Reptilia,Western fence lizard,Sceloporus occidentalis,2021-05-08,11:01:27,1
H42,Artificial Refuge,Scrub,Reptilia,Western fence lizard,Sceloporus occidentalis,2021-05-08,11:08:02,1
H42,Artificial Refuge,Scrub,Reptilia,Western fence lizard,Sceloporus occidentalis,2021-05-08,11:09:27,1
H42,Artificial Refuge,Scrub,Reptilia,Western fence lizard,Sceloporus occidentalis,2021-05-08,11:13:45,1
H42,Artificial Refuge,Scrub,Reptilia,Western fence lizard,Sceloporus occidentalis,2021-05-08,11:15:19,1
H42,Artificial Refuge,Scrub,Reptilia,Western fence lizard,Sceloporus occidentalis,2021-05-08,11:21:26,1
H42,Artificial Refuge,Scrub,Reptilia,Western fence lizard,Sceloporus occidentalis,2021-05-08,11:22:57,1
H42,Artificial Refuge,Scrub,Reptilia,Western fence lizard,Sceloporus occidentalis,2021-05-08,11:24:13,1
H42,Artificial Refuge,Scrub,Reptilia,Western fence lizard,Sceloporus occidentalis,2021-05-08,11:25:15,1
H42,Artificial Refuge,Scrub,Reptilia,Western fence lizard,Sceloporus occidentalis,2021-05-08,11:28:54,1
H42,Artificial Refuge,Scrub,Reptilia,Western fence lizard,Sceloporus occidentalis,2021-05-08,11:30:32,1
H42,Artificial Refuge,Scrub,Reptilia,Western fence lizard,Sceloporus occidentalis,2021-05-08,11:32:26,1
H42,Artificial Refuge,Scrub,Reptilia,Western fence lizard,Sceloporus occidentalis,2021-05-08,11:34:54,1
H42,Artificial Refuge,Scrub,Reptilia,Western fence lizard,Sceloporus occidentalis,2021-05-08,11:37:35,1
H42,Artificial Refuge,Scrub,Reptilia,Western fence lizard,Sceloporus occidentalis,2021-05-08,11:38:55,1
H42,Artificial Refuge,Scrub,Reptilia,Western fence lizard,Sceloporus occidentalis,2021-05-08,11:40:42,1
H42,Artificial Refuge,Scrub,Reptilia,Western fence lizard,Sceloporus occidentalis,2021-05-08,11:42:35,1
H42,Artificial Refuge,Scrub,Reptilia,Western fence lizard,Sceloporus occidentalis,2021-05-08,12:08:14,1
H42,Artificial Refuge,Scrub,Reptilia,Western fence lizard,Sceloporus occidentalis,2021-05-08,12:09:38,1
H42,Artificial Refuge,Scrub,Reptilia,Western fence lizard,Sceloporus occidentalis,2021-05-08,12:14:32,1
H42,Artificial Refuge,Scrub,Reptilia,Western fence lizard,Sceloporus occidentalis,2021-05-08,12:18:15,1
H42,Artificial Refuge,Scrub,Reptilia,Western fence lizard,Sceloporus occidentalis,2021-05-08,12:21:08,1
H42,Artificial Refuge,Scrub,Reptilia,Western fence lizard,Sceloporus occidentalis,2021-05-08,12:22:49,1
H42,Artificial Refuge,Scrub,Reptilia,Western fence lizard,Sceloporus occidentalis,2021-05-08,12:26:23,1
H42,Artificial Refuge,Scrub,Reptilia,Western fence lizard,Sceloporus occidentalis,2021-05-08,12:28:53,1
H42,Artificial Refuge,Scrub,Reptilia,Western fence lizard,Sceloporus occidentalis,2021-05-08,12:31:49,1
H42,Artificial Refuge,Scrub,Reptilia,Western fence lizard,Sceloporus occidentalis,2021-05-08,12:33:02,1
H42,Artificial Refuge,Scrub,Reptilia,Western fence lizard,Sceloporus occidentalis,2021-05-08,12:35:23,1
H42,Artificial Refuge,Scrub,Reptilia,Western fence lizard,Sceloporus occidentalis,2021-05-08,12:36:34,1
H42,Artificial Refuge,Scrub,Reptilia,Western fence lizard,Sceloporus occidentalis,2021-05-08,12:45:37,1
H42,Artificial Refuge,Scrub,Reptilia,Western fence lizard,Sceloporus occidentalis,2021-05-08,12:50:46,1
H42,Artificial Refuge,Scrub,Reptilia,Western fence lizard,Sceloporus occidentalis,2021-05-08,12:54:11,1
H42,Artificial Refuge,Scrub,Reptilia,Western fence lizard,Sceloporus occidentalis,2021-05-08,12:57:30,1
H42,Artificial Refuge,Scrub,Reptilia,Western fence lizard,Sceloporus occidentalis,2021-05-08,13:02:11,1
H42,Artificial Refuge,Scrub,Reptilia,Western fence lizard,Sceloporus occidentalis,2021-05-08,13:34:56,1
H42,Artificial Refuge,Scrub,Reptilia,Western fence lizard,Sceloporus occidentalis,2021-05-08,13:37:40,1
H42,Artificial Refuge,Scrub,Reptilia,Western fence lizard,Sceloporus occidentalis,2021-05-08,13:52:56,1
H42,Artificial Refuge,Scrub,Reptilia,Western fence lizard,Sceloporus occidentalis,2021-05-08,14:08:16,1
H42,Artificial Refuge,Scrub,Aves,House Sparrow,Passer domesticus,2021-05-08,17:13:01,1
H42,Artificial Refuge,Scrub,Reptilia,Western fence lizard,Sceloporus occidentalis,2021-05-09,10:51:26,1
H42,Artificial Refuge,Scrub,Mammalia,California Ground Squirrel,Otospermophilus beecheyi,2021-05-09,11:33:03,1
H42,Artificial Refuge,Scrub,Mammalia,California Ground Squirrel,Otospermophilus beecheyi,2021-05-09,11:34:19,1
H42,Artificial Refuge,Scrub,Reptilia,Western fence lizard,Sceloporus occidentalis,2021-05-09,12:44:24,1
H42,Artificial Refuge,Scrub,Reptilia,Western fence lizard,Sceloporus occidentalis,2021-05-09,12:48:42,1
H42,Artificial Refuge,Scrub,Reptilia,Western fence lizard,Sceloporus occidentalis,2021-05-09,13:14:10,1
H42,Artificial Refuge,Scrub,Reptilia,Western fence lizard,Sceloporus occidentalis,2021-05-09,13:18:04,1
H42,Artificial Refuge,Scrub,Reptilia,Western fence lizard,Sceloporus occidentalis,2021-05-09,13:23:48,1
H42,Artificial Refuge,Scrub,Reptilia,Western fence lizard,Sceloporus occidentalis,2021-05-09,14:13:28,1
H42,Artificial Refuge,Scrub,Reptilia,Western fence lizard,Sceloporus occidentalis,2021-05-09,15:42:29,1
H42,Artificial Refuge,Scrub,Reptilia,Western fence lizard,Sceloporus occidentalis,2021-05-09,16:05:24,1
H42,Artificial Refuge,Scrub,Mammalia,California Ground Squirrel,Otospermophilus beecheyi,2021-05-09,16:16:10,1
H42,Artificial Refuge,Scrub,Mammalia,California Ground Squirrel,Otospermophilus beecheyi,2021-05-10,10:24:27,1
H42,Artificial Refuge,Scrub,Mammalia,California Ground Squirrel,Otospermophilus beecheyi,2021-05-10,10:27:09,1
H42,Artificial Refuge,Scrub,Mammalia,California Ground Squirrel,Otospermophilus beecheyi,2021-05-10,10:42:41,1
H42,Artificial Refuge,Scrub,Reptilia,Western fence lizard,Sceloporus occidentalis,2021-05-10,11:21:02,1
H42,Artificial Refuge,Scrub,Reptilia,Western fence lizard,Sceloporus occidentalis,2021-05-10,11:24:42,1
H42,Artificial Refuge,Scrub,Reptilia,Western fence lizard,Sceloporus occidentalis,2021-05-10,11:29:49,1
H42,Artificial Refuge,Scrub,Mammalia,California Ground Squirrel,Otospermophilus beecheyi,2021-05-10,15:17:40,1
H46,Artificial Refuge,Scrub,Reptilia,Western fence lizard,Sceloporus occidentalis,2021-04-29,17:20:58,1
H46,Artificial Refuge,Scrub,Reptilia,Western fence lizard,Sceloporus occidentalis,2021-04-29,17:22:37,1
H46,Artificial Refuge,Scrub,Mammalia,North American Deermouse,Peromyscus maniculatus,2021-04-29,20:28:21,2
H46,Artificial Refuge,Scrub,Mammalia,North American Deermouse,Peromyscus maniculatus,2021-04-29,20:31:01,1
H46,Artificial Refuge,Scrub,Mammalia,North American Deermouse,Peromyscus maniculatus,2021-04-29,20:52:00,1
H46,Artificial Refuge,Scrub,Mammalia,North American Deermouse,Peromyscus maniculatus,2021-04-29,21:41:01,1
H46,Artificial Refuge,Scrub,Mammalia,North American Deermouse,Peromyscus maniculatus,2021-04-29,22:04:19,1
H46,Artificial Refuge,Scrub,Mammalia,Brush Rabbit,Sylvilagus bachmani,2021-04-29,22:19:34,1
H46,Artificial Refuge,Scrub,Mammalia,Brush Rabbit,Sylvilagus bachmani,2021-04-29,22:25:49,1
H46,Artificial Refuge,Scrub,Mammalia,Brush Rabbit,Sylvilagus bachmani,2021-04-29,22:29:13,1
H46,Artificial Refuge,Scrub,Mammalia,Brush Rabbit,Sylvilagus bachmani,2021-04-29,22:35:08,1
H46,Artificial Refuge,Scrub,Mammalia,North American Deermouse,Peromyscus maniculatus,2021-04-29,23:09:00,1
H46,Artificial Refuge,Scrub,Mammalia,North American Deermouse,Peromyscus maniculatus,2021-04-29,23:12:37,1
H46,Artificial Refuge,Scrub,Mammalia,North American Deermouse,Peromyscus maniculatus,2021-04-29,23:47:58,1
H46,Artificial Refuge,Scrub,Mammalia,Brush Rabbit,Sylvilagus bachmani,2021-04-30,00:21:29,1
H46,Artificial Refuge,Scrub,Mammalia,Brush Rabbit,Sylvilagus bachmani,2021-04-30,00:22:51,1
H46,Artificial Refuge,Scrub,Reptilia,Western fence lizard,Sceloporus occidentalis,2021-04-30,09:11:15,1
H46,Artificial Refuge,Scrub,Mammalia,California Ground Squirrel,Otospermophilus beecheyi,2021-04-30,09:18:26,1
H46,Artificial Refuge,Scrub,Mammalia,California Ground Squirrel,Otospermophilus beecheyi,2021-04-30,09:18:55,1
H46,Artificial Refuge,Scrub,Reptilia,Western fence lizard,Sceloporus occidentalis,2021-04-30,10:49:21,1
H46,Artificial Refuge,Scrub,Reptilia,Western fence lizard,Sceloporus occidentalis,2021-04-30,10:54:07,1
H46,Artificial Refuge,Scrub,Reptilia,Western fence lizard,Sceloporus occidentalis,2021-04-30,11:16:51,1
H46,Artificial Refuge,Scrub,Reptilia,Western fence lizard,Sceloporus occidentalis,2021-04-30,12:28:04,1
H46,Artificial Refuge,Scrub,Reptilia,Western fence lizard,Sceloporus occidentalis,2021-04-30,12:32:45,1
H46,Artificial Refuge,Scrub,Reptilia,Western fence lizard,Sceloporus occidentalis,2021-04-30,12:37:41,1
H46,Artificial Refuge,Scrub,Reptilia,Western fence lizard,Sceloporus occidentalis,2021-04-30,12:59:30,1
H46,Artificial Refuge,Scrub,Reptilia,Western fence lizard,Sceloporus occidentalis,2021-04-30,13:00:38,1
H46,Artificial Refuge,Scrub,Reptilia,Western fence lizard,Sceloporus occidentalis,2021-04-30,13:11:49,1
H46,Artificial Refuge,Scrub,Reptilia,Western fence lizard,Sceloporus occidentalis,2021-04-30,13:41:59,1
H46,Artificial Refuge,Scrub,Reptilia,Western fence lizard,Sceloporus occidentalis,2021-04-30,14:20:28,1
H46,Artificial Refuge,Scrub,Reptilia,Western fence lizard,Sceloporus occidentalis,2021-04-30,14:47:42,1
H46,Artificial Refuge,Scrub,Reptilia,Western fence lizard,Sceloporus occidentalis,2021-04-30,15:30:16,1
H46,Artificial Refuge,Scrub,Reptilia,Western fence lizard,Sceloporus occidentalis,2021-04-30,15:43:22,1
H46,Artificial Refuge,Scrub,Reptilia,Western fence lizard,Sceloporus occidentalis,2021-04-30,15:57:39,1
H46,Artificial Refuge,Scrub,Reptilia,Western fence lizard,Sceloporus occidentalis,2021-04-30,16:01:01,1
H46,Artificial Refuge,Scrub,Reptilia,Western fence lizard,Sceloporus occidentalis,2021-04-30,16:02:13,1
H46,Artificial Refuge,Scrub,Reptilia,Western fence lizard,Sceloporus occidentalis,2021-04-30,16:11:46,1
H46,Artificial Refuge,Scrub,Reptilia,Western fence lizard,Sceloporus occidentalis,2021-04-30,16:15:44,1
H46,Artificial Refuge,Scrub,Reptilia,Western fence lizard,Sceloporus occidentalis,2021-04-30,16:20:09,1
H46,Artificial Refuge,Scrub,Reptilia,Western fence lizard,Sceloporus occidentalis,2021-04-30,16:33:07,1
H46,Artificial Refuge,Scrub,Reptilia,Western fence lizard,Sceloporus occidentalis,2021-04-30,16:36:13,2
H46,Artificial Refuge,Scrub,Reptilia,Western fence lizard,Sceloporus occidentalis,2021-04-30,16:39:15,2
H46,Artificial Refuge,Scrub,Reptilia,Western fence lizard,Sceloporus occidentalis,2021-04-30,16:42:00,2
H46,Artificial Refuge,Scrub,Reptilia,Western fence lizard,Sceloporus occidentalis,2021-04-30,16:44:40,1
H46,Artificial Refuge,Scrub,Reptilia,Western fence lizard,Sceloporus occidentalis,2021-04-30,16:49:25,2
H46,Artificial Refuge,Scrub,Reptilia,Western fence lizard,Sceloporus occidentalis,2021-04-30,16:53:37,1
H46,Artificial Refuge,Scrub,Reptilia,Western fence lizard,Sceloporus occidentalis,2021-04-30,16:55:36,1
H46,Artificial Refuge,Scrub,Reptilia,Western fence lizard,Sceloporus occidentalis,2021-04-30,17:03:15,1
H46,Artificial Refuge,Scrub,Reptilia,Western fence lizard,Sceloporus occidentalis,2021-04-30,17:04:22,1
H46,Artificial Refuge,Scrub,Reptilia,Western fence lizard,Sceloporus occidentalis,2021-04-30,17:11:38,1
H46,Artificial Refuge,Scrub,Mammalia,Brush Rabbit,Sylvilagus bachmani,2021-04-30,23:11:52,1
H46,Artificial Refuge,Scrub,Mammalia,Brush Rabbit,Sylvilagus bachmani,2021-04-30,23:19:44,1
H46,Artificial Refuge,Scrub,Mammalia,Brush Rabbit,Sylvilagus bachmani,2021-04-30,23:36:59,1
H46,Artificial Refuge,Scrub,Mammalia,Brush Rabbit,Sylvilagus bachmani,2021-04-30,23:43:56,1
H46,Artificial Refuge,Scrub,Mammalia,Brush Rabbit,Sylvilagus bachmani,2021-04-30,23:49:43,1
H46,Artificial Refuge,Scrub,Mammalia,Brush Rabbit,Sylvilagus bachmani,2021-05-01,00:11:12,1
H46,Artificial Refuge,Scrub,Mammalia,Brush Rabbit,Sylvilagus bachmani,2021-05-01,00:15:57,1
H46,Artificial Refuge,Scrub,Mammalia,Brush Rabbit,Sylvilagus bachmani,2021-05-01,00:20:07,1
H46,Artificial Refuge,Scrub,Mammalia,North American Deermouse,Peromyscus maniculatus,2021-05-01,00:27:32,1
H46,Artificial Refuge,Scrub,Mammalia,North American Deermouse,Peromyscus maniculatus,2021-05-01,00:28:43,1
H46,Artificial Refuge,Scrub,Mammalia,North American Deermouse,Peromyscus maniculatus,2021-05-01,01:03:07,1
H46,Artificial Refuge,Scrub,Reptilia,Western fence lizard,Sceloporus occidentalis,2021-05-01,10:02:30,1
H46,Artificial Refuge,Scrub,Reptilia,Western fence lizard,Sceloporus occidentalis,2021-05-01,10:04:05,1
H46,Artificial Refuge,Scrub,Reptilia,Western fence lizard,Sceloporus occidentalis,2021-05-01,10:06:26,1
H46,Artificial Refuge,Scrub,Reptilia,Western fence lizard,Sceloporus occidentalis,2021-05-01,10:17:00,1
H46,Artificial Refuge,Scrub,Reptilia,Western fence lizard,Sceloporus occidentalis,2021-05-01,10:48:01,1
H46,Artificial Refuge,Scrub,Reptilia,Western fence lizard,Sceloporus occidentalis,2021-05-01,10:50:02,1
H46,Artificial Refuge,Scrub,Reptilia,Western fence lizard,Sceloporus occidentalis,2021-05-01,10:51:53,1
H46,Artificial Refuge,Scrub,Reptilia,Western fence lizard,Sceloporus occidentalis,2021-05-01,10:58:31,1
H46,Artificial Refuge,Scrub,Reptilia,Western fence lizard,Sceloporus occidentalis,2021-05-01,11:19:49,1
H46,Artificial Refuge,Scrub,Reptilia,Western fence lizard,Sceloporus occidentalis,2021-05-01,12:42:12,1
H46,Artificial Refuge,Scrub,Reptilia,Western fence lizard,Sceloporus occidentalis,2021-05-01,12:43:59,1
H46,Artificial Refuge,Scrub,Reptilia,Western fence lizard,Sceloporus occidentalis,2021-05-01,12:47:41,1
H46,Artificial Refuge,Scrub,Reptilia,Western fence lizard,Sceloporus occidentalis,2021-05-01,13:00:24,1
H46,Artificial Refuge,Scrub,Reptilia,Western fence lizard,Sceloporus occidentalis,2021-05-01,13:03:06,1
H46,Artificial Refuge,Scrub,Reptilia,Western fence lizard,Sceloporus occidentalis,2021-05-01,13:05:02,1
H46,Artificial Refuge,Scrub,Reptilia,Western fence lizard,Sceloporus occidentalis,2021-05-01,13:06:19,1
H46,Artificial Refuge,Scrub,Reptilia,Western fence lizard,Sceloporus occidentalis,2021-05-01,13:07:46,1
H46,Artificial Refuge,Scrub,Reptilia,Western fence lizard,Sceloporus occidentalis,2021-05-01,13:11:12,1
H46,Artificial Refuge,Scrub,Reptilia,Western fence lizard,Sceloporus occidentalis,2021-05-01,13:14:13,1
H46,Artificial Refuge,Scrub,Reptilia,Western fence lizard,Sceloporus occidentalis,2021-05-01,13:15:36,1
H46,Artificial Refuge,Scrub,Reptilia,Western fence lizard,Sceloporus occidentalis,2021-05-01,13:18:27,1
H46,Artificial Refuge,Scrub,Reptilia,Western fence lizard,Sceloporus occidentalis,2021-05-01,13:31:09,2
H46,Artificial Refuge,Scrub,Reptilia,Western fence lizard,Sceloporus occidentalis,2021-05-01,13:51:16,1
H46,Artificial Refuge,Scrub,Reptilia,Western fence lizard,Sceloporus occidentalis,2021-05-01,14:02:12,1
H46,Artificial Refuge,Scrub,Reptilia,Western fence lizard,Sceloporus occidentalis,2021-05-01,14:03:48,1
H46,Artificial Refuge,Scrub,Reptilia,Western fence lizard,Sceloporus occidentalis,2021-05-01,14:07:42,1
H46,Artificial Refuge,Scrub,Reptilia,Western fence lizard,Sceloporus occidentalis,2021-05-01,14:50:29,1
H46,Artificial Refuge,Scrub,Reptilia,Western fence lizard,Sceloporus occidentalis,2021-05-01,14:55:04,1
H46,Artificial Refuge,Scrub,Reptilia,Western fence lizard,Sceloporus occidentalis,2021-05-01,14:57:34,1
H46,Artificial Refuge,Scrub,Reptilia,Western fence lizard,Sceloporus occidentalis,2021-05-01,14:58:06,1
H46,Artificial Refuge,Scrub,Reptilia,Western fence lizard,Sceloporus occidentalis,2021-05-01,14:59:58,1
H46,Artificial Refuge,Scrub,Reptilia,Western fence lizard,Sceloporus occidentalis,2021-05-01,15:05:21,1
H46,Artificial Refuge,Scrub,Reptilia,Western fence lizard,Sceloporus occidentalis,2021-05-01,15:11:01,1
H46,Artificial Refuge,Scrub,Reptilia,Western fence lizard,Sceloporus occidentalis,2021-05-01,15:37:48,1
H46,Artificial Refuge,Scrub,Reptilia,Western fence lizard,Sceloporus occidentalis,2021-05-01,15:50:45,1
H46,Artificial Refuge,Scrub,Reptilia,Western fence lizard,Sceloporus occidentalis,2021-05-01,16:07:41,1
H46,Artificial Refuge,Scrub,Reptilia,Western fence lizard,Sceloporus occidentalis,2021-05-01,16:37:55,1
H46,Artificial Refuge,Scrub,Reptilia,Western fence lizard,Sceloporus occidentalis,2021-05-01,16:48:30,1
H46,Artificial Refuge,Scrub,Reptilia,Western fence lizard,Sceloporus occidentalis,2021-05-01,17:22:53,1
H46,Artificial Refuge,Scrub,Mammalia,Brush Rabbit,Sylvilagus bachmani,2021-05-01,20:59:05,1
H46,Artificial Refuge,Scrub,Mammalia,Brush Rabbit,Sylvilagus bachmani,2021-05-02,01:39:37,1
H46,Artificial Refuge,Scrub,Mammalia,Brush Rabbit,Sylvilagus bachmani,2021-05-02,01:49:01,1
H46,Artificial Refuge,Scrub,Mammalia,Brush Rabbit,Sylvilagus bachmani,2021-05-02,02:06:58,1
H46,Artificial Refuge,Scrub,Mammalia,North American Deermouse,Peromyscus maniculatus,2021-05-02,02:13:07,1
H46,Artificial Refuge,Scrub,Mammalia,Brush Rabbit,Sylvilagus bachmani,2021-05-02,02:18:13,1
H46,Artificial Refuge,Scrub,Mammalia,Brush Rabbit,Sylvilagus bachmani,2021-05-02,02:31:39,1
H46,Artificial Refuge,Scrub,Mammalia,North American Deermouse,Peromyscus maniculatus,2021-05-02,05:26:50,1
H46,Artificial Refuge,Scrub,Mammalia,Brush Rabbit,Sylvilagus bachmani,2021-05-02,06:50:45,1
H46,Artificial Refuge,Scrub,Reptilia,Western fence lizard,Sceloporus occidentalis,2021-05-02,08:41:57,1
H46,Artificial Refuge,Scrub,Reptilia,Western fence lizard,Sceloporus occidentalis,2021-05-02,08:54:35,1
H46,Artificial Refuge,Scrub,Reptilia,Western fence lizard,Sceloporus occidentalis,2021-05-02,12:24:25,1
H46,Artificial Refuge,Scrub,Reptilia,Western fence lizard,Sceloporus occidentalis,2021-05-02,12:31:48,1
H46,Artificial Refuge,Scrub,Reptilia,Western fence lizard,Sceloporus occidentalis,2021-05-02,12:35:13,1
H46,Artificial Refuge,Scrub,Reptilia,Western fence lizard,Sceloporus occidentalis,2021-05-02,12:56:51,1
H46,Artificial Refuge,Scrub,Reptilia,Western fence lizard,Sceloporus occidentalis,2021-05-02,12:59:54,1
H46,Artificial Refuge,Scrub,Reptilia,Western fence lizard,Sceloporus occidentalis,2021-05-02,13:02:06,1
H46,Artificial Refuge,Scrub,Reptilia,Western fence lizard,Sceloporus occidentalis,2021-05-02,13:05:46,1
H46,Artificial Refuge,Scrub,Reptilia,Western fence lizard,Sceloporus occidentalis,2021-05-02,13:09:14,1
H46,Artificial Refuge,Scrub,Reptilia,Western fence lizard,Sceloporus occidentalis,2021-05-02,14:12:21,1
H46,Artificial Refuge,Scrub,Reptilia,Western fence lizard,Sceloporus occidentalis,2021-05-02,14:14:11,1
H46,Artificial Refuge,Scrub,Reptilia,Western fence lizard,Sceloporus occidentalis,2021-05-02,14:16:01,1
H46,Artificial Refuge,Scrub,Reptilia,Western fence lizard,Sceloporus occidentalis,2021-05-02,14:21:34,1
H46,Artificial Refuge,Scrub,Reptilia,Western fence lizard,Sceloporus occidentalis,2021-05-02,14:23:31,1
H46,Artificial Refuge,Scrub,Reptilia,Western fence lizard,Sceloporus occidentalis,2021-05-02,14:25:52,1
H46,Artificial Refuge,Scrub,Reptilia,Western fence lizard,Sceloporus occidentalis,2021-05-02,14:33:07,1
H46,Artificial Refuge,Scrub,Reptilia,Western fence lizard,Sceloporus occidentalis,2021-05-02,14:40:31,1
H46,Artificial Refuge,Scrub,Reptilia,Western fence lizard,Sceloporus occidentalis,2021-05-02,14:46:47,1
H46,Artificial Refuge,Scrub,Mammalia,Brush Rabbit,Sylvilagus bachmani,2021-05-02,21:54:46,1
H46,Artificial Refuge,Scrub,Mammalia,Brush Rabbit,Sylvilagus bachmani,2021-05-02,22:32:48,1
H46,Artificial Refuge,Scrub,Mammalia,Brush Rabbit,Sylvilagus bachmani,2021-05-03,00:00:19,1
H46,Artificial Refuge,Scrub,Mammalia,North American Deermouse,Peromyscus maniculatus,2021-05-03,00:04:10,1
H46,Artificial Refuge,Scrub,Mammalia,Brush Rabbit,Sylvilagus bachmani,2021-05-03,00:09:21,1
H46,Artificial Refuge,Scrub,Mammalia,Brush Rabbit,Sylvilagus bachmani,2021-05-03,00:12:45,1
H46,Artificial Refuge,Scrub,Mammalia,Brush Rabbit,Sylvilagus bachmani,2021-05-03,01:02:53,1
H46,Artificial Refuge,Scrub,Mammalia,Brush Rabbit,Sylvilagus bachmani,2021-05-03,01:48:47,1
H46,Artificial Refuge,Scrub,Mammalia,Brush Rabbit,Sylvilagus bachmani,2021-05-03,02:15:10,1
H46,Artificial Refuge,Scrub,Mammalia,Brush Rabbit,Sylvilagus bachmani,2021-05-03,02:18:05,1
H46,Artificial Refuge,Scrub,Mammalia,Brush Rabbit,Sylvilagus bachmani,2021-05-03,02:53:01,1
H46,Artificial Refuge,Scrub,Mammalia,Brush Rabbit,Sylvilagus bachmani,2021-05-03,04:01:54,2
H46,Artificial Refuge,Scrub,Mammalia,Brush Rabbit,Sylvilagus bachmani,2021-05-03,04:07:10,1
H46,Artificial Refuge,Scrub,Reptilia,Western fence lizard,Sceloporus occidentalis,2021-05-03,12:23:30,1
H46,Artificial Refuge,Scrub,Reptilia,Western fence lizard,Sceloporus occidentalis,2021-05-03,12:26:31,1
H46,Artificial Refuge,Scrub,Reptilia,Western fence lizard,Sceloporus occidentalis,2021-05-03,12:29:18,1
H46,Artificial Refuge,Scrub,Reptilia,Western fence lizard,Sceloporus occidentalis,2021-05-03,13:15:08,1
H46,Artificial Refuge,Scrub,Reptilia,Western fence lizard,Sceloporus occidentalis,2021-05-03,14:14:28,1
H46,Artificial Refuge,Scrub,Reptilia,Western fence lizard,Sceloporus occidentalis,2021-05-03,14:16:20,1
H46,Artificial Refuge,Scrub,Reptilia,Western fence lizard,Sceloporus occidentalis,2021-05-03,14:18:00,1
H46,Artificial Refuge,Scrub,Reptilia,Western fence lizard,Sceloporus occidentalis,2021-05-03,14:19:03,1
H46,Artificial Refuge,Scrub,Reptilia,Western fence lizard,Sceloporus occidentalis,2021-05-03,14:22:26,1
H46,Artificial Refuge,Scrub,Reptilia,Western fence lizard,Sceloporus occidentalis,2021-05-03,14:23:40,1
H46,Artificial Refuge,Scrub,Reptilia,Western fence lizard,Sceloporus occidentalis,2021-05-03,14:27:16,1
H46,Artificial Refuge,Scrub,Reptilia,Western fence lizard,Sceloporus occidentalis,2021-05-03,14:30:34,1
H46,Artificial Refuge,Scrub,Reptilia,Western fence lizard,Sceloporus occidentalis,2021-05-03,14:34:26,1
H46,Artificial Refuge,Scrub,Reptilia,Western fence lizard,Sceloporus occidentalis,2021-05-03,14:47:18,1
H46,Artificial Refuge,Scrub,Reptilia,Western fence lizard,Sceloporus occidentalis,2021-05-03,14:54:43,1
H46,Artificial Refuge,Scrub,Aves,Common Starling,Sturnus vulgaris,2021-05-03,15:14:10,1
H46,Artificial Refuge,Scrub,Reptilia,Western fence lizard,Sceloporus occidentalis,2021-05-03,15:19:19,1
H46,Artificial Refuge,Scrub,Reptilia,Western fence lizard,Sceloporus occidentalis,2021-05-03,15:20:52,1
H46,Artificial Refuge,Scrub,Reptilia,Western fence lizard,Sceloporus occidentalis,2021-05-03,15:22:28,1
H46,Artificial Refuge,Scrub,Reptilia,Western fence lizard,Sceloporus occidentalis,2021-05-03,15:24:42,1
H46,Artificial Refuge,Scrub,Reptilia,Western fence lizard,Sceloporus occidentalis,2021-05-03,15:30:06,1
H46,Artificial Refuge,Scrub,Reptilia,Western fence lizard,Sceloporus occidentalis,2021-05-03,15:42:54,1
H46,Artificial Refuge,Scrub,Reptilia,Western fence lizard,Sceloporus occidentalis,2021-05-03,15:44:03,1
H46,Artificial Refuge,Scrub,Reptilia,Western fence lizard,Sceloporus occidentalis,2021-05-03,15:55:00,1
H46,Artificial Refuge,Scrub,Reptilia,Western fence lizard,Sceloporus occidentalis,2021-05-03,15:57:55,1
H46,Artificial Refuge,Scrub,Reptilia,Western fence lizard,Sceloporus occidentalis,2021-05-03,15:59:34,1
H46,Artificial Refuge,Scrub,Reptilia,Western fence lizard,Sceloporus occidentalis,2021-05-03,16:01:26,1
H46,Artificial Refuge,Scrub,Reptilia,Western fence lizard,Sceloporus occidentalis,2021-05-03,16:06:34,1
H46,Artificial Refuge,Scrub,Reptilia,Western fence lizard,Sceloporus occidentalis,2021-05-03,16:09:49,1
H46,Artificial Refuge,Scrub,Reptilia,Western fence lizard,Sceloporus occidentalis,2021-05-03,17:14:52,1
H46,Artificial Refuge,Scrub,Mammalia,North American Deermouse,Peromyscus maniculatus,2021-05-03,21:55:50,1
H46,Artificial Refuge,Scrub,Mammalia,North American Deermouse,Peromyscus maniculatus,2021-05-03,22:24:21,1
H46,Artificial Refuge,Scrub,Mammalia,Virginia Opossum,Didelphis virginiana,2021-05-03,22:38:40,1
H46,Artificial Refuge,Scrub,Mammalia,Virginia Opossum,Didelphis virginiana,2021-05-04,00:52:52,1
H7,Artificial Refuge,Grassland,Mammalia,California Ground Squirrel,Otospermophilus beecheyi,2021-05-06,09:48:03,1
H7,Artificial Refuge,Grassland,Mammalia,California Ground Squirrel,Otospermophilus beecheyi,2021-05-06,10:01:22,1
H7,Artificial Refuge,Grassland,Mammalia,California Ground Squirrel,Otospermophilus beecheyi,2021-05-06,10:04:29,1
H7,Artificial Refuge,Grassland,Mammalia,California Ground Squirrel,Otospermophilus beecheyi,2021-05-06,10:07:04,1
H7,Artificial Refuge,Grassland,Mammalia,California Ground Squirrel,Otospermophilus beecheyi,2021-05-06,10:10:25,1
H7,Artificial Refuge,Grassland,Mammalia,California Ground Squirrel,Otospermophilus beecheyi,2021-05-06,11:14:56,1
H7,Artificial Refuge,Grassland,Mammalia,California Ground Squirrel,Otospermophilus beecheyi,2021-05-06,11:21:50,1
H7,Artificial Refuge,Grassland,Mammalia,California Ground Squirrel,Otospermophilus beecheyi,2021-05-06,11:23:15,1
H7,Artificial Refuge,Grassland,Mammalia,California Ground Squirrel,Otospermophilus beecheyi,2021-05-06,14:11:38,1
H7,Artificial Refuge,Grassland,Mammalia,California Ground Squirrel,Otospermophilus beecheyi,2021-05-06,14:17:47,1
H7,Artificial Refuge,Grassland,Reptilia,Western fence lizard,Sceloporus occidentalis,2021-05-07,15:01:16,1
H7,Artificial Refuge,Grassland,Reptilia,Western fence lizard,Sceloporus occidentalis,2021-05-07,16:52:02,1
H7,Artificial Refuge,Grassland,Reptilia,Western fence lizard,Sceloporus occidentalis,2021-05-07,16:54:59,1
H7,Artificial Refuge,Grassland,Reptilia,Western fence lizard,Sceloporus occidentalis,2021-05-07,16:56:39,1
H7,Artificial Refuge,Grassland,Reptilia,Western fence lizard,Sceloporus occidentalis,2021-05-08,12:19:57,1
H7,Artificial Refuge,Grassland,Reptilia,Western fence lizard,Sceloporus occidentalis,2021-05-08,12:29:24,1
H7,Artificial Refuge,Grassland,Reptilia,Western fence lizard,Sceloporus occidentalis,2021-05-08,14:38:44,1
H7,Artificial Refuge,Grassland,Reptilia,Western fence lizard,Sceloporus occidentalis,2021-05-08,16:21:56,1
H7,Artificial Refuge,Grassland,Reptilia,Western fence lizard,Sceloporus occidentalis,2021-05-08,16:24:12,1
H7,Artificial Refuge,Grassland,Mammalia,California Ground Squirrel,Otospermophilus beecheyi,2021-05-09,09:01:22,1
H7,Artificial Refuge,Grassland,Mammalia,California Ground Squirrel,Otospermophilus beecheyi,2021-05-09,12:20:59,1
H7,Artificial Refuge,Grassland,Mammalia,California Ground Squirrel,Otospermophilus beecheyi,2021-05-09,12:27:53,1
H7,Artificial Refuge,Grassland,Mammalia,California Ground Squirrel,Otospermophilus beecheyi,2021-05-09,13:00:28,1
H7,Artificial Refuge,Grassland,Mammalia,California Ground Squirrel,Otospermophilus beecheyi,2021-05-09,13:01:45,1
H7,Artificial Refuge,Grassland,Mammalia,California Ground Squirrel,Otospermophilus beecheyi,2021-05-09,13:34:23,1
H7,Artificial Refuge,Grassland,Mammalia,Brush Rabbit,Sylvilagus bachmani,2021-05-09,14:51:30,1
H7,Artificial Refuge,Grassland,Mammalia,California Ground Squirrel,Otospermophilus beecheyi,2021-05-09,15:19:05,1
H7,Artificial Refuge,Grassland,Mammalia,Striped Skunk,Mephitis mephitis,2021-05-10,03:54:49,1
H7,Artificial Refuge,Grassland,Mammalia,California Ground Squirrel,Otospermophilus beecheyi,2021-05-10,12:39:58,1
H7,Artificial Refuge,Grassland,Mammalia,California Ground Squirrel,Otospermophilus beecheyi,2021-05-10,13:30:13,1
H7,Artificial Refuge,Grassland,Mammalia,California Ground Squirrel,Otospermophilus beecheyi,2021-05-10,13:38:53,1
H7,Artificial Refuge,Grassland,Mammalia,California Ground Squirrel,Otospermophilus beecheyi,2021-05-10,14:29:12,1
H7,Artificial Refuge,Grassland,Mammalia,Striped Skunk,Mephitis mephitis,2021-05-10,21:31:25,1
H7,Artificial Refuge,Grassland,Mammalia,Striped Skunk,Mephitis mephitis,2021-05-11,02:35:54,1
H7,Artificial Refuge,Grassland,Mammalia,Striped Skunk,Mephitis mephitis,2021-05-11,04:25:10,1
H7,Artificial Refuge,Grassland,Mammalia,California Ground Squirrel,Otospermophilus beecheyi,2021-05-11,07:30:22,1
H8,Artificial Refuge,Grassland,Aves,Canada Goose,Branta canadensis,2021-04-30,17:33:41,1
H8,Artificial Refuge,Grassland,Aves,American Crow,Corvus brachyrhynchos,2021-05-01,15:38:52,1
H8,Artificial Refuge,Grassland,Aves,Canada Goose,Branta canadensis,2021-05-02,16:39:48,2
H9,Artificial Refuge,Grassland,Mammalia,California Ground Squirrel,Otospermophilus beecheyi,2021-04-22,11:34:14,1
H9,Artificial Refuge,Grassland,Mammalia,California Ground Squirrel,Otospermophilus beecheyi,2021-04-22,11:41:36,1
H9,Artificial Refuge,Grassland,Mammalia,California Ground Squirrel,Otospermophilus beecheyi,2021-04-22,13:46:50,1
H9,Artificial Refuge,Grassland,Mammalia,California Ground Squirrel,Otospermophilus beecheyi,2021-04-22,14:42:17,1
H9,Artificial Refuge,Grassland,Mammalia,California Ground Squirrel,Otospermophilus beecheyi,2021-04-22,15:52:14,1
H9,Artificial Refuge,Grassland,Mammalia,California Ground Squirrel,Otospermophilus beecheyi,2021-04-22,16:25:24,1
H9,Artificial Refuge,Grassland,Mammalia,California Ground Squirrel,Otospermophilus beecheyi,2021-04-22,17:03:10,1
H9,Artificial Refuge,Grassland,Mammalia,California Ground Squirrel,Otospermophilus beecheyi,2021-04-22,17:09:57,1
H9,Artificial Refuge,Grassland,Mammalia,California Ground Squirrel,Otospermophilus beecheyi,2021-04-22,17:10:22,1
H9,Artificial Refuge,Grassland,Mammalia,California Ground Squirrel,Otospermophilus beecheyi,2021-04-22,17:15:14,1
H9,Artificial Refuge,Grassland,Mammalia,California Ground Squirrel,Otospermophilus beecheyi,2021-04-22,17:17:35,1
H9,Artificial Refuge,Grassland,Mammalia,California Ground Squirrel,Otospermophilus beecheyi,2021-04-22,17:20:26,1
H9,Artificial Refuge,Grassland,Mammalia,California Ground Squirrel,Otospermophilus beecheyi,2021-04-22,17:26:58,1
H9,Artificial Refuge,Grassland,Mammalia,California Ground Squirrel,Otospermophilus beecheyi,2021-04-22,17:27:16,1
H9,Artificial Refuge,Grassland,Mammalia,California Ground Squirrel,Otospermophilus beecheyi,2021-04-22,17:29:57,1
H9,Artificial Refuge,Grassland,Mammalia,California Ground Squirrel,Otospermophilus beecheyi,2021-04-22,17:31:29,1
H9,Artificial Refuge,Grassland,Mammalia,California Ground Squirrel,Otospermophilus beecheyi,2021-04-22,17:32:56,1
H9,Artificial Refuge,Grassland,Mammalia,California Ground Squirrel,Otospermophilus beecheyi,2021-04-22,17:34:08,1
H9,Artificial Refuge,Grassland,Mammalia,California Ground Squirrel,Otospermophilus beecheyi,2021-04-22,17:37:09,1
H9,Artificial Refuge,Grassland,Mammalia,California Ground Squirrel,Otospermophilus beecheyi,2021-04-22,17:38:50,1
H9,Artificial Refuge,Grassland,Mammalia,California Ground Squirrel,Otospermophilus beecheyi,2021-04-22,17:55:48,1
H9,Artificial Refuge,Grassland,Mammalia,California Ground Squirrel,Otospermophilus beecheyi,2021-04-22,17:57:25,1
H9,Artificial Refuge,Grassland,Mammalia,California Ground Squirrel,Otospermophilus beecheyi,2021-04-22,18:04:57,1
H9,Artificial Refuge,Grassland,Mammalia,California Ground Squirrel,Otospermophilus beecheyi,2021-04-22,18:26:08,1
H9,Artificial Refuge,Grassland,Mammalia,California Ground Squirrel,Otospermophilus beecheyi,2021-04-22,18:30:50,1
H9,Artificial Refuge,Grassland,Mammalia,California Ground Squirrel,Otospermophilus beecheyi,2021-04-22,18:33:35,1
H9,Artificial Refuge,Grassland,Mammalia,California Ground Squirrel,Otospermophilus beecheyi,2021-04-22,18:42:37,1
H9,Artificial Refuge,Grassland,Mammalia,California Ground Squirrel,Otospermophilus beecheyi,2021-04-22,18:47:47,1
H9,Artificial Refuge,Grassland,Mammalia,Striped Skunk,Mephitis mephitis,2021-04-23,00:25:04,1
H9,Artificial Refuge,Grassland,Mammalia,Striped Skunk,Mephitis mephitis,2021-04-23,00:28:11,1
H9,Artificial Refuge,Grassland,Mammalia,California Ground Squirrel,Otospermophilus beecheyi,2021-04-23,07:43:46,1
H9,Artificial Refuge,Grassland,Mammalia,California Ground Squirrel,Otospermophilus beecheyi,2021-04-23,07:46:15,1
H9,Artificial Refuge,Grassland,Mammalia,California Ground Squirrel,Otospermophilus beecheyi,2021-04-23,07:47:49,1
H9,Artificial Refuge,Grassland,Mammalia,California Ground Squirrel,Otospermophilus beecheyi,2021-04-23,07:53:40,1
H9,Artificial Refuge,Grassland,Mammalia,California Ground Squirrel,Otospermophilus beecheyi,2021-04-23,08:01:59,1
H9,Artificial Refuge,Grassland,Mammalia,California Ground Squirrel,Otospermophilus beecheyi,2021-04-23,08:04:01,1
H9,Artificial Refuge,Grassland,Mammalia,California Ground Squirrel,Otospermophilus beecheyi,2021-04-23,08:16:53,1
H9,Artificial Refuge,Grassland,Mammalia,California Ground Squirrel,Otospermophilus beecheyi,2021-04-23,08:19:58,1
H9,Artificial Refuge,Grassland,Mammalia,California Ground Squirrel,Otospermophilus beecheyi,2021-04-23,08:20:40,2
H9,Artificial Refuge,Grassland,Mammalia,California Ground Squirrel,Otospermophilus beecheyi,2021-04-23,08:22:10,1
H9,Artificial Refuge,Grassland,Mammalia,California Ground Squirrel,Otospermophilus beecheyi,2021-04-23,08:23:11,2
H9,Artificial Refuge,Grassland,Mammalia,California Ground Squirrel,Otospermophilus beecheyi,2021-04-23,08:23:30,1
H9,Artificial Refuge,Grassland,Mammalia,California Ground Squirrel,Otospermophilus beecheyi,2021-04-23,08:29:01,1
H9,Artificial Refuge,Grassland,Mammalia,California Ground Squirrel,Otospermophilus beecheyi,2021-04-23,08:36:35,1
H9,Artificial Refuge,Grassland,Mammalia,California Ground Squirrel,Otospermophilus beecheyi,2021-04-23,08:38:54,2
H9,Artificial Refuge,Grassland,Mammalia,California Ground Squirrel,Otospermophilus beecheyi,2021-04-23,09:06:47,1
H9,Artificial Refuge,Grassland,Mammalia,California Ground Squirrel,Otospermophilus beecheyi,2021-04-23,09:07:50,1
H9,Artificial Refuge,Grassland,Mammalia,California Ground Squirrel,Otospermophilus beecheyi,2021-04-23,09:10:29,1
H9,Artificial Refuge,Grassland,Mammalia,California Ground Squirrel,Otospermophilus beecheyi,2021-04-23,09:22:08,1
H9,Artificial Refuge,Grassland,Mammalia,California Ground Squirrel,Otospermophilus beecheyi,2021-04-23,09:25:00,1
H9,Artificial Refuge,Grassland,Mammalia,California Ground Squirrel,Otospermophilus beecheyi,2021-04-23,09:36:00,1
H9,Artificial Refuge,Grassland,Mammalia,California Ground Squirrel,Otospermophilus beecheyi,2021-04-23,09:38:54,1
H9,Artificial Refuge,Grassland,Mammalia,California Ground Squirrel,Otospermophilus beecheyi,2021-04-23,10:00:30,1
H9,Artificial Refuge,Grassland,Mammalia,California Ground Squirrel,Otospermophilus beecheyi,2021-04-23,10:02:00,1
H9,Artificial Refuge,Grassland,Mammalia,California Ground Squirrel,Otospermophilus beecheyi,2021-04-23,10:02:40,1
H9,Artificial Refuge,Grassland,Mammalia,California Ground Squirrel,Otospermophilus beecheyi,2021-04-23,10:10:44,1
H9,Artificial Refuge,Grassland,Mammalia,California Ground Squirrel,Otospermophilus beecheyi,2021-04-23,10:20:19,1
H9,Artificial Refuge,Grassland,Mammalia,California Ground Squirrel,Otospermophilus beecheyi,2021-04-23,10:21:39,1
H9,Artificial Refuge,Grassland,Mammalia,California Ground Squirrel,Otospermophilus beecheyi,2021-04-23,10:51:15,1
H9,Artificial Refuge,Grassland,Mammalia,California Ground Squirrel,Otospermophilus beecheyi,2021-04-23,10:59:05,1
H9,Artificial Refuge,Grassland,Mammalia,California Ground Squirrel,Otospermophilus beecheyi,2021-04-23,11:23:55,1
H9,Artificial Refuge,Grassland,Mammalia,California Ground Squirrel,Otospermophilus beecheyi,2021-04-23,11:29:47,1
H9,Artificial Refuge,Grassland,Mammalia,California Ground Squirrel,Otospermophilus beecheyi,2021-04-23,11:32:22,1
H9,Artificial Refuge,Grassland,Mammalia,California Ground Squirrel,Otospermophilus beecheyi,2021-04-23,11:38:16,1
H9,Artificial Refuge,Grassland,Mammalia,California Ground Squirrel,Otospermophilus beecheyi,2021-04-23,11:39:17,1
H9,Artificial Refuge,Grassland,Mammalia,California Ground Squirrel,Otospermophilus beecheyi,2021-04-23,11:43:40,1
H9,Artificial Refuge,Grassland,Mammalia,California Ground Squirrel,Otospermophilus beecheyi,2021-04-23,11:50:29,1
H9,Artificial Refuge,Grassland,Mammalia,California Ground Squirrel,Otospermophilus beecheyi,2021-04-23,11:52:05,1
H9,Artificial Refuge,Grassland,Mammalia,California Ground Squirrel,Otospermophilus beecheyi,2021-04-23,12:00:54,1
H9,Artificial Refuge,Grassland,Mammalia,California Ground Squirrel,Otospermophilus beecheyi,2021-04-23,12:02:37,1
H9,Artificial Refuge,Grassland,Mammalia,California Ground Squirrel,Otospermophilus beecheyi,2021-04-23,12:05:40,1
H9,Artificial Refuge,Grassland,Mammalia,California Ground Squirrel,Otospermophilus beecheyi,2021-04-23,12:15:44,1
H9,Artificial Refuge,Grassland,Mammalia,California Ground Squirrel,Otospermophilus beecheyi,2021-04-23,12:23:05,1
H9,Artificial Refuge,Grassland,Mammalia,California Ground Squirrel,Otospermophilus beecheyi,2021-04-23,12:32:21,1
H9,Artificial Refuge,Grassland,Mammalia,California Ground Squirrel,Otospermophilus beecheyi,2021-04-23,12:33:31,1
H9,Artificial Refuge,Grassland,Mammalia,California Ground Squirrel,Otospermophilus beecheyi,2021-04-23,12:54:56,1
H9,Artificial Refuge,Grassland,Mammalia,California Ground Squirrel,Otospermophilus beecheyi,2021-04-23,13:00:15,1
H9,Artificial Refuge,Grassland,Mammalia,California Ground Squirrel,Otospermophilus beecheyi,2021-04-23,13:10:26,1
H9,Artificial Refuge,Grassland,Mammalia,California Ground Squirrel,Otospermophilus beecheyi,2021-04-23,13:19:44,1
H9,Artificial Refuge,Grassland,Reptilia,Western fence lizard,Sceloporus occidentalis,2021-04-23,13:20:38,1
H9,Artificial Refuge,Grassland,Mammalia,California Ground Squirrel,Otospermophilus beecheyi,2021-04-23,13:25:39,1
H9,Artificial Refuge,Grassland,Mammalia,California Ground Squirrel,Otospermophilus beecheyi,2021-04-23,13:32:33,1
H9,Artificial Refuge,Grassland,Mammalia,California Ground Squirrel,Otospermophilus beecheyi,2021-04-23,13:33:47,1
H9,Artificial Refuge,Grassland,Reptilia,Western fence lizard,Sceloporus occidentalis,2021-04-23,13:46:23,1
H9,Artificial Refuge,Grassland,Mammalia,California Ground Squirrel,Otospermophilus beecheyi,2021-04-23,14:13:35,1
H9,Artificial Refuge,Grassland,Mammalia,California Ground Squirrel,Otospermophilus beecheyi,2021-04-23,14:18:12,2
H9,Artificial Refuge,Grassland,Mammalia,California Ground Squirrel,Otospermophilus beecheyi,2021-04-23,14:20:11,1
H9,Artificial Refuge,Grassland,Mammalia,California Ground Squirrel,Otospermophilus beecheyi,2021-04-23,14:22:04,1
H9,Artificial Refuge,Grassland,Aves,American Crow,Corvus brachyrhynchos,2021-04-23,14:29:57,1
H9,Artificial Refuge,Grassland,Mammalia,California Ground Squirrel,Otospermophilus beecheyi,2021-04-23,14:29:57,1
H9,Artificial Refuge,Grassland,Mammalia,California Ground Squirrel,Otospermophilus beecheyi,2021-04-23,15:06:37,2
H9,Artificial Refuge,Grassland,Mammalia,California Ground Squirrel,Otospermophilus beecheyi,2021-04-23,15:14:14,1
H9,Artificial Refuge,Grassland,Mammalia,California Ground Squirrel,Otospermophilus beecheyi,2021-04-23,15:16:03,1
H9,Artificial Refuge,Grassland,Mammalia,California Ground Squirrel,Otospermophilus beecheyi,2021-04-23,15:25:09,1
H9,Artificial Refuge,Grassland,Mammalia,California Ground Squirrel,Otospermophilus beecheyi,2021-04-23,15:34:10,1
H9,Artificial Refuge,Grassland,Mammalia,California Ground Squirrel,Otospermophilus beecheyi,2021-04-23,15:34:30,1
H9,Artificial Refuge,Grassland,Aves,American Crow,Corvus brachyrhynchos,2021-04-23,15:38:51,8
H9,Artificial Refuge,Grassland,Mammalia,California Ground Squirrel,Otospermophilus beecheyi,2021-04-23,15:38:51,1
H9,Artificial Refuge,Grassland,Mammalia,California Ground Squirrel,Otospermophilus beecheyi,2021-04-23,15:54:16,1
H9,Artificial Refuge,Grassland,Mammalia,California Ground Squirrel,Otospermophilus beecheyi,2021-04-23,15:58:36,1
H9,Artificial Refuge,Grassland,Mammalia,California Ground Squirrel,Otospermophilus beecheyi,2021-04-23,16:09:50,1
H9,Artificial Refuge,Grassland,Mammalia,California Ground Squirrel,Otospermophilus beecheyi,2021-04-23,16:16:44,1
H9,Artificial Refuge,Grassland,Mammalia,California Ground Squirrel,Otospermophilus beecheyi,2021-04-23,16:21:16,1
H9,Artificial Refuge,Grassland,Mammalia,California Ground Squirrel,Otospermophilus beecheyi,2021-04-23,16:21:49,1
H9,Artificial Refuge,Grassland,Mammalia,California Ground Squirrel,Otospermophilus beecheyi,2021-04-23,16:28:59,1
H9,Artificial Refuge,Grassland,Mammalia,California Ground Squirrel,Otospermophilus beecheyi,2021-04-23,16:32:41,1
H9,Artificial Refuge,Grassland,Mammalia,California Ground Squirrel,Otospermophilus beecheyi,2021-04-23,16:56:59,1
H9,Artificial Refuge,Grassland,Mammalia,California Ground Squirrel,Otospermophilus beecheyi,2021-04-23,17:01:25,1
H9,Artificial Refuge,Grassland,Mammalia,California Ground Squirrel,Otospermophilus beecheyi,2021-04-23,17:04:39,1
H9,Artificial Refuge,Grassland,Mammalia,California Ground Squirrel,Otospermophilus beecheyi,2021-04-23,17:06:47,1
H9,Artificial Refuge,Grassland,Mammalia,California Ground Squirrel,Otospermophilus beecheyi,2021-04-23,17:57:53,1
H9,Artificial Refuge,Grassland,Mammalia,California Ground Squirrel,Otospermophilus beecheyi,2021-04-24,07:51:12,1
H9,Artificial Refuge,Grassland,Mammalia,California Ground Squirrel,Otospermophilus beecheyi,2021-04-24,07:56:15,1
H9,Artificial Refuge,Grassland,Mammalia,California Ground Squirrel,Otospermophilus beecheyi,2021-04-24,08:04:36,1
H9,Artificial Refuge,Grassland,Mammalia,California Ground Squirrel,Otospermophilus beecheyi,2021-04-24,08:08:24,1
H9,Artificial Refuge,Grassland,Mammalia,California Ground Squirrel,Otospermophilus beecheyi,2021-04-24,08:10:00,1
H9,Artificial Refuge,Grassland,Mammalia,California Ground Squirrel,Otospermophilus beecheyi,2021-04-24,08:13:00,1
H9,Artificial Refuge,Grassland,Mammalia,California Ground Squirrel,Otospermophilus beecheyi,2021-04-24,08:15:53,1
H9,Artificial Refuge,Grassland,Mammalia,California Ground Squirrel,Otospermophilus beecheyi,2021-04-24,08:22:15,1
H9,Artificial Refuge,Grassland,Mammalia,California Ground Squirrel,Otospermophilus beecheyi,2021-04-24,08:30:03,1
H9,Artificial Refuge,Grassland,Mammalia,California Ground Squirrel,Otospermophilus beecheyi,2021-04-24,08:40:21,1
H9,Artificial Refuge,Grassland,Mammalia,California Ground Squirrel,Otospermophilus beecheyi,2021-04-24,09:03:55,1
H9,Artificial Refuge,Grassland,Mammalia,California Ground Squirrel,Otospermophilus beecheyi,2021-04-24,09:07:17,1
H9,Artificial Refuge,Grassland,Mammalia,California Ground Squirrel,Otospermophilus beecheyi,2021-04-24,09:09:21,1
H9,Artificial Refuge,Grassland,Mammalia,California Ground Squirrel,Otospermophilus beecheyi,2021-04-24,09:18:45,1
H9,Artificial Refuge,Grassland,Mammalia,California Ground Squirrel,Otospermophilus beecheyi,2021-04-24,09:19:44,1
H9,Artificial Refuge,Grassland,Mammalia,California Ground Squirrel,Otospermophilus beecheyi,2021-04-24,09:20:06,1
H9,Artificial Refuge,Grassland,Mammalia,California Ground Squirrel,Otospermophilus beecheyi,2021-04-24,09:23:24,1
H9,Artificial Refuge,Grassland,Mammalia,California Ground Squirrel,Otospermophilus beecheyi,2021-04-24,09:32:02,1
H9,Artificial Refuge,Grassland,Mammalia,California Ground Squirrel,Otospermophilus beecheyi,2021-04-24,09:37:22,1
H9,Artificial Refuge,Grassland,Mammalia,California Ground Squirrel,Otospermophilus beecheyi,2021-04-24,09:40:35,1
H9,Artificial Refuge,Grassland,Mammalia,California Ground Squirrel,Otospermophilus beecheyi,2021-04-24,09:46:39,1
H9,Artificial Refuge,Grassland,Mammalia,California Ground Squirrel,Otospermophilus beecheyi,2021-04-24,09:48:47,1
H9,Artificial Refuge,Grassland,Mammalia,California Ground Squirrel,Otospermophilus beecheyi,2021-04-24,09:51:35,1
H9,Artificial Refuge,Grassland,Mammalia,California Ground Squirrel,Otospermophilus beecheyi,2021-04-24,09:53:40,1
H9,Artificial Refuge,Grassland,Mammalia,California Ground Squirrel,Otospermophilus beecheyi,2021-04-24,09:55:03,1
H9,Artificial Refuge,Grassland,Mammalia,California Ground Squirrel,Otospermophilus beecheyi,2021-04-24,09:58:10,1
H9,Artificial Refuge,Grassland,Mammalia,California Ground Squirrel,Otospermophilus beecheyi,2021-04-24,10:01:13,1
H9,Artificial Refuge,Grassland,Mammalia,California Ground Squirrel,Otospermophilus beecheyi,2021-04-24,10:03:38,1
H9,Artificial Refuge,Grassland,Mammalia,California Ground Squirrel,Otospermophilus beecheyi,2021-04-24,10:05:41,2
H9,Artificial Refuge,Grassland,Mammalia,California Ground Squirrel,Otospermophilus beecheyi,2021-04-24,10:08:54,1
H9,Artificial Refuge,Grassland,Mammalia,California Ground Squirrel,Otospermophilus beecheyi,2021-04-24,10:11:44,1
H9,Artificial Refuge,Grassland,Mammalia,California Ground Squirrel,Otospermophilus beecheyi,2021-04-24,10:19:31,1
H9,Artificial Refuge,Grassland,Mammalia,California Ground Squirrel,Otospermophilus beecheyi,2021-04-24,10:22:11,1
H9,Artificial Refuge,Grassland,Mammalia,California Ground Squirrel,Otospermophilus beecheyi,2021-04-24,10:42:42,1
H9,Artificial Refuge,Grassland,Mammalia,California Ground Squirrel,Otospermophilus beecheyi,2021-04-24,11:04:57,1
H9,Artificial Refuge,Grassland,Mammalia,California Ground Squirrel,Otospermophilus beecheyi,2021-04-24,11:16:30,1
H9,Artificial Refuge,Grassland,Mammalia,California Ground Squirrel,Otospermophilus beecheyi,2021-04-24,11:22:19,1
H9,Artificial Refuge,Grassland,Mammalia,California Ground Squirrel,Otospermophilus beecheyi,2021-04-24,11:25:18,1
H9,Artificial Refuge,Grassland,Mammalia,California Ground Squirrel,Otospermophilus beecheyi,2021-04-24,11:29:48,1
H9,Artificial Refuge,Grassland,Mammalia,California Ground Squirrel,Otospermophilus beecheyi,2021-04-24,11:32:23,1
H9,Artificial Refuge,Grassland,Mammalia,California Ground Squirrel,Otospermophilus beecheyi,2021-04-24,11:34:22,1
H9,Artificial Refuge,Grassland,Mammalia,California Ground Squirrel,Otospermophilus beecheyi,2021-04-24,11:38:00,1
H9,Artificial Refuge,Grassland,Mammalia,California Ground Squirrel,Otospermophilus beecheyi,2021-04-24,11:44:29,1
H9,Artificial Refuge,Grassland,Reptilia,Western fence lizard,Sceloporus occidentalis,2021-04-24,11:44:30,1
H9,Artificial Refuge,Grassland,Mammalia,California Ground Squirrel,Otospermophilus beecheyi,2021-04-24,11:57:28,1
H9,Artificial Refuge,Grassland,Reptilia,Western fence lizard,Sceloporus occidentalis,2021-04-24,12:02:30,1
H9,Artificial Refuge,Grassland,Reptilia,Western fence lizard,Sceloporus occidentalis,2021-04-24,12:07:23,1
H9,Artificial Refuge,Grassland,Mammalia,California Ground Squirrel,Otospermophilus beecheyi,2021-04-24,12:08:38,1
H9,Artificial Refuge,Grassland,Reptilia,Western fence lizard,Sceloporus occidentalis,2021-04-24,12:08:54,1
H9,Artificial Refuge,Grassland,Reptilia,Western fence lizard,Sceloporus occidentalis,2021-04-24,12:13:15,1
H9,Artificial Refuge,Grassland,Reptilia,Western fence lizard,Sceloporus occidentalis,2021-04-24,12:19:58,1
H9,Artificial Refuge,Grassland,Reptilia,Western fence lizard,Sceloporus occidentalis,2021-04-24,12:26:02,1
H9,Artificial Refuge,Grassland,Mammalia,California Ground Squirrel,Otospermophilus beecheyi,2021-04-24,12:28:23,1
H9,Artificial Refuge,Grassland,Reptilia,Western fence lizard,Sceloporus occidentalis,2021-04-24,12:28:23,1
H9,Artificial Refuge,Grassland,Reptilia,Western fence lizard,Sceloporus occidentalis,2021-04-24,12:35:18,1
H9,Artificial Refuge,Grassland,Mammalia,California Ground Squirrel,Otospermophilus beecheyi,2021-04-24,12:39:49,1
H9,Artificial Refuge,Grassland,Reptilia,Western fence lizard,Sceloporus occidentalis,2021-04-24,12:39:49,1
H9,Artificial Refuge,Grassland,Mammalia,California Ground Squirrel,Otospermophilus beecheyi,2021-04-24,12:46:15,1
H9,Artificial Refuge,Grassland,Reptilia,Western fence lizard,Sceloporus occidentalis,2021-04-24,12:46:15,1
H9,Artificial Refuge,Grassland,Mammalia,California Ground Squirrel,Otospermophilus beecheyi,2021-04-24,12:47:47,1
H9,Artificial Refuge,Grassland,Reptilia,Western fence lizard,Sceloporus occidentalis,2021-04-24,12:47:47,1
H9,Artificial Refuge,Grassland,Mammalia,California Ground Squirrel,Otospermophilus beecheyi,2021-04-24,12:51:15,1
H9,Artificial Refuge,Grassland,Mammalia,California Ground Squirrel,Otospermophilus beecheyi,2021-04-24,13:02:09,1
H9,Artificial Refuge,Grassland,Mammalia,California Ground Squirrel,Otospermophilus beecheyi,2021-04-24,13:04:32,1
H9,Artificial Refuge,Grassland,Reptilia,Western fence lizard,Sceloporus occidentalis,2021-04-24,13:26:39,1
H9,Artificial Refuge,Grassland,Mammalia,California Ground Squirrel,Otospermophilus beecheyi,2021-04-24,14:22:15,1
H9,Artificial Refuge,Grassland,Mammalia,California Ground Squirrel,Otospermophilus beecheyi,2021-04-24,14:24:11,2
H9,Artificial Refuge,Grassland,Mammalia,California Ground Squirrel,Otospermophilus beecheyi,2021-04-24,14:32:53,1
H9,Artificial Refuge,Grassland,Reptilia,Western fence lizard,Sceloporus occidentalis,2021-04-24,14:33:54,1
H9,Artificial Refuge,Grassland,Mammalia,California Ground Squirrel,Otospermophilus beecheyi,2021-04-24,14:46:44,1
H9,Artificial Refuge,Grassland,Mammalia,California Ground Squirrel,Otospermophilus beecheyi,2021-04-24,14:48:55,1
H9,Artificial Refuge,Grassland,Mammalia,California Ground Squirrel,Otospermophilus beecheyi,2021-04-24,14:54:09,1
H9,Artificial Refuge,Grassland,Aves,American Crow,Corvus brachyrhynchos,2021-04-24,15:50:19,1
H9,Artificial Refuge,Grassland,Mammalia,California Ground Squirrel,Otospermophilus beecheyi,2021-04-24,16:23:43,1
H9,Artificial Refuge,Grassland,Mammalia,California Ground Squirrel,Otospermophilus beecheyi,2021-04-24,16:25:55,1
H9,Artificial Refuge,Grassland,Mammalia,California Ground Squirrel,Otospermophilus beecheyi,2021-04-24,16:40:20,1
H9,Artificial Refuge,Grassland,Mammalia,California Ground Squirrel,Otospermophilus beecheyi,2021-04-24,16:42:22,1
H9,Artificial Refuge,Grassland,Mammalia,California Ground Squirrel,Otospermophilus beecheyi,2021-04-24,16:46:56,1
H9,Artificial Refuge,Grassland,Mammalia,California Ground Squirrel,Otospermophilus beecheyi,2021-04-24,16:48:19,1
H9,Artificial Refuge,Grassland,Mammalia,California Ground Squirrel,Otospermophilus beecheyi,2021-04-24,16:49:59,1
H9,Artificial Refuge,Grassland,Mammalia,California Ground Squirrel,Otospermophilus beecheyi,2021-04-24,17:12:10,1
H9,Artificial Refuge,Grassland,Mammalia,California Ground Squirrel,Otospermophilus beecheyi,2021-04-24,17:18:13,1
H9,Artificial Refuge,Grassland,Mammalia,California Ground Squirrel,Otospermophilus beecheyi,2021-04-24,17:28:56,1
H9,Artificial Refuge,Grassland,Mammalia,California Ground Squirrel,Otospermophilus beecheyi,2021-04-24,17:33:51,1
H9,Artificial Refuge,Grassland,Mammalia,California Ground Squirrel,Otospermophilus beecheyi,2021-04-24,17:38:09,1
H9,Artificial Refuge,Grassland,Mammalia,Virginia Opossum,Didelphis virginiana,2021-04-24,20:59:51,1
H9,Artificial Refuge,Grassland,Mammalia,Virginia Opossum,Didelphis virginiana,2021-04-24,21:16:21,1
H9,Artificial Refuge,Grassland,Mammalia,California Ground Squirrel,Otospermophilus beecheyi,2021-04-25,07:34:54,1
H9,Artificial Refuge,Grassland,Mammalia,California Ground Squirrel,Otospermophilus beecheyi,2021-04-25,07:38:34,1
H9,Artificial Refuge,Grassland,Mammalia,California Ground Squirrel,Otospermophilus beecheyi,2021-04-25,07:58:55,1
H9,Artificial Refuge,Grassland,Mammalia,California Ground Squirrel,Otospermophilus beecheyi,2021-04-25,08:03:10,1
H9,Artificial Refuge,Grassland,Mammalia,California Ground Squirrel,Otospermophilus beecheyi,2021-04-25,08:09:36,1
H9,Artificial Refuge,Grassland,Mammalia,California Ground Squirrel,Otospermophilus beecheyi,2021-04-25,08:13:45,1
H9,Artificial Refuge,Grassland,Mammalia,California Ground Squirrel,Otospermophilus beecheyi,2021-04-25,08:22:50,1
H9,Artificial Refuge,Grassland,Mammalia,California Ground Squirrel,Otospermophilus beecheyi,2021-04-25,08:29:49,1
H9,Artificial Refuge,Grassland,Mammalia,California Ground Squirrel,Otospermophilus beecheyi,2021-04-25,08:38:48,1
H9,Artificial Refuge,Grassland,Mammalia,California Ground Squirrel,Otospermophilus beecheyi,2021-04-25,09:22:51,1
H9,Artificial Refuge,Grassland,Mammalia,California Ground Squirrel,Otospermophilus beecheyi,2021-04-25,09:51:12,1
H9,Artificial Refuge,Grassland,Mammalia,California Ground Squirrel,Otospermophilus beecheyi,2021-04-25,10:14:50,1
H9,Artificial Refuge,Grassland,Mammalia,California Ground Squirrel,Otospermophilus beecheyi,2021-04-25,10:28:27,1
H9,Artificial Refuge,Grassland,Mammalia,California Ground Squirrel,Otospermophilus beecheyi,2021-04-25,10:30:47,1
H9,Artificial Refuge,Grassland,Mammalia,California Ground Squirrel,Otospermophilus beecheyi,2021-04-25,10:32:35,1
H9,Artificial Refuge,Grassland,Mammalia,California Ground Squirrel,Otospermophilus beecheyi,2021-04-25,10:47:39,1
H9,Artificial Refuge,Grassland,Mammalia,California Ground Squirrel,Otospermophilus beecheyi,2021-04-25,10:49:12,1
H9,Artificial Refuge,Grassland,Mammalia,California Ground Squirrel,Otospermophilus beecheyi,2021-04-25,11:49:50,1
H9,Artificial Refuge,Grassland,Mammalia,California Ground Squirrel,Otospermophilus beecheyi,2021-04-25,12:44:13,1
H9,Artificial Refuge,Grassland,Mammalia,California Ground Squirrel,Otospermophilus beecheyi,2021-04-25,12:46:32,1
H9,Artificial Refuge,Grassland,Mammalia,California Ground Squirrel,Otospermophilus beecheyi,2021-04-25,12:54:23,1
H9,Artificial Refuge,Grassland,Aves,American Crow,Corvus brachyrhynchos,2021-04-25,13:11:42,1
H9,Artificial Refuge,Grassland,Mammalia,California Ground Squirrel,Otospermophilus beecheyi,2021-04-25,14:11:44,1
H9,Artificial Refuge,Grassland,Mammalia,Striped Skunk,Mephitis mephitis,2021-04-25,23:27:44,1
H9,Artificial Refuge,Grassland,Reptilia,Western fence lizard,Sceloporus occidentalis,2021-04-26,10:25:39,1
H9,Artificial Refuge,Grassland,Mammalia,California Ground Squirrel,Otospermophilus beecheyi,2021-04-26,12:55:55,1
H9,Artificial Refuge,Grassland,Mammalia,California Ground Squirrel,Otospermophilus beecheyi,2021-04-26,13:00:19,1
H9,Artificial Refuge,Grassland,Mammalia,California Ground Squirrel,Otospermophilus beecheyi,2021-04-26,13:05:21,1
H9,Artificial Refuge,Grassland,Mammalia,California Ground Squirrel,Otospermophilus beecheyi,2021-04-26,13:17:27,1
H9,Artificial Refuge,Grassland,Mammalia,California Ground Squirrel,Otospermophilus beecheyi,2021-04-26,13:22:07,1
H9,Artificial Refuge,Grassland,Mammalia,California Ground Squirrel,Otospermophilus beecheyi,2021-04-26,13:26:30,1
H9,Artificial Refuge,Grassland,Mammalia,California Ground Squirrel,Otospermophilus beecheyi,2021-04-26,15:23:45,1
H9,Artificial Refuge,Grassland,Mammalia,California Ground Squirrel,Otospermophilus beecheyi,2021-04-26,17:03:04,1
H9,Artificial Refuge,Grassland,Mammalia,California Ground Squirrel,Otospermophilus beecheyi,2021-04-26,17:06:01,1
H9,Artificial Refuge,Grassland,Reptilia,Western fence lizard,Sceloporus occidentalis,2021-04-27,09:26:11,1
H9,Artificial Refuge,Grassland,Reptilia,Western fence lizard,Sceloporus occidentalis,2021-04-27,10:28:43,1
H9,Artificial Refuge,Grassland,Reptilia,Western fence lizard,Sceloporus occidentalis,2021-04-27,10:30:06,1
H9,Artificial Refuge,Grassland,Reptilia,Western fence lizard,Sceloporus occidentalis,2021-04-27,10:31:08,1
H9,Artificial Refuge,Grassland,Reptilia,Western fence lizard,Sceloporus occidentalis,2021-04-27,11:45:07,1
L26,Log,Scrub,Reptilia,Western fence lizard,Sceloporus occidentalis,2021-05-20,13:31:28,1
L26,Log,Scrub,Reptilia,Western fence lizard,Sceloporus occidentalis,2021-05-20,14:26:27,1
L26,Log,Scrub,Reptilia,Western fence lizard,Sceloporus occidentalis,2021-05-20,15:15:48,1
L26,Log,Scrub,Reptilia,Western fence lizard,Sceloporus occidentalis,2021-05-20,15:17:29,1
L26,Log,Scrub,Reptilia,Western fence lizard,Sceloporus occidentalis,2021-05-20,15:40:32,1
L26,Log,Scrub,Reptilia,Western fence lizard,Sceloporus occidentalis,2021-05-20,15:45:57,1
L26,Log,Scrub,Mammalia,California Ground Squirrel,Otospermophilus beecheyi,2021-05-20,16:02:36,1
L26,Log,Scrub,Reptilia,Western fence lizard,Sceloporus occidentalis,2021-05-20,16:13:41,1
L26,Log,Scrub,Mammalia,North American Deermouse,Peromyscus maniculatus,2021-05-20,23:47:25,1
L26,Log,Scrub,Mammalia,North American Deermouse,Peromyscus maniculatus,2021-05-21,00:48:15,1
L26,Log,Scrub,Mammalia,Brush Rabbit,Sylvilagus bachmani,2021-05-21,03:57:18,1
L26,Log,Scrub,Mammalia,Brush Rabbit,Sylvilagus bachmani,2021-05-21,04:03:55,1
L26,Log,Scrub,Mammalia,Brush Rabbit,Sylvilagus bachmani,2021-05-21,06:16:29,1
L26,Log,Scrub,Mammalia,California Ground Squirrel,Otospermophilus beecheyi,2021-05-21,08:40:32,1
L26,Log,Scrub,Reptilia,Western fence lizard,Sceloporus occidentalis,2021-05-21,08:40:32,1
L26,Log,Scrub,Reptilia,Western fence lizard,Sceloporus occidentalis,2021-05-21,09:31:39,1
L26,Log,Scrub,Reptilia,Western fence lizard,Sceloporus occidentalis,2021-05-21,11:58:56,1
L26,Log,Scrub,Reptilia,Western fence lizard,Sceloporus occidentalis,2021-05-21,13:10:21,1
L26,Log,Scrub,Reptilia,Western fence lizard,Sceloporus occidentalis,2021-05-21,13:16:25,1
L26,Log,Scrub,Reptilia,Western fence lizard,Sceloporus occidentalis,2021-05-21,13:31:22,1
L26,Log,Scrub,Reptilia,Western fence lizard,Sceloporus occidentalis,2021-05-21,13:33:27,1
L26,Log,Scrub,Reptilia,Western fence lizard,Sceloporus occidentalis,2021-05-21,13:35:43,1
L26,Log,Scrub,Reptilia,Western fence lizard,Sceloporus occidentalis,2021-05-21,13:38:43,1
L26,Log,Scrub,Reptilia,Western fence lizard,Sceloporus occidentalis,2021-05-21,13:41:21,1
L26,Log,Scrub,Reptilia,Western fence lizard,Sceloporus occidentalis,2021-05-21,13:43:01,1
L26,Log,Scrub,Mammalia,North American Deermouse,Peromyscus maniculatus,2021-05-21,21:24:42,1
L26,Log,Scrub,Mammalia,Striped Skunk,Mephitis mephitis,2021-05-21,22:31:06,1
L26,Log,Scrub,Mammalia,Brush Rabbit,Sylvilagus bachmani,2021-05-22,04:37:49,1
L26,Log,Scrub,Mammalia,Brush Rabbit,Sylvilagus bachmani,2021-05-22,05:29:34,1
L26,Log,Scrub,Reptilia,Western fence lizard,Sceloporus occidentalis,2021-05-22,09:36:43,1
L26,Log,Scrub,Mammalia,California Ground Squirrel,Otospermophilus beecheyi,2021-05-22,15:52:58,1
L26,Log,Scrub,Mammalia,Brush Rabbit,Sylvilagus bachmani,2021-05-23,00:02:22,1
L26,Log,Scrub,Mammalia,Brush Rabbit,Sylvilagus bachmani,2021-05-23,00:03:44,1
L26,Log,Scrub,Mammalia,North American Deermouse,Peromyscus maniculatus,2021-05-23,01:00:22,2
L26,Log,Scrub,Mammalia,North American Deermouse,Peromyscus maniculatus,2021-05-23,02:23:03,1
L26,Log,Scrub,Mammalia,Brush Rabbit,Sylvilagus bachmani,2021-05-23,03:12:07,1
L26,Log,Scrub,Mammalia,North American Deermouse,Peromyscus maniculatus,2021-05-23,23:01:28,1
L26,Log,Scrub,Reptilia,Western fence lizard,Sceloporus occidentalis,2021-05-24,09:13:37,1
L26,Log,Scrub,Reptilia,Western fence lizard,Sceloporus occidentalis,2021-05-24,10:09:18,1
L26,Log,Scrub,Reptilia,Western skink,Plestiodon skiltonianus,2021-05-24,12:04:07,1
L26,Log,Scrub,Mammalia,California Ground Squirrel,Otospermophilus beecheyi,2021-05-24,13:35:49,1
L26,Log,Scrub,Mammalia,Brush Rabbit,Sylvilagus bachmani,2021-05-24,19:24:56,1
L26,Log,Scrub,Mammalia,Brush Rabbit,Sylvilagus bachmani,2021-05-24,19:33:59,1
L26,Log,Scrub,Mammalia,North American Deermouse,Peromyscus maniculatus,2021-05-24,22:50:57,1
L26,Log,Scrub,Mammalia,Virginia Opossum,Didelphis virginiana,2021-05-25,03:57:20,1
L26,Log,Scrub,Mammalia,Virginia Opossum,Didelphis virginiana,2021-05-25,04:03:16,1
L26,Log,Scrub,Mammalia,Virginia Opossum,Didelphis virginiana,2021-05-25,04:32:11,1
L26,Log,Scrub,Mammalia,Virginia Opossum,Didelphis virginiana,2021-05-25,04:38:10,1
L26,Log,Scrub,Reptilia,Western fence lizard,Sceloporus occidentalis,2021-05-25,12:04:28,1
L28,Log,Marsh,Reptilia,Western fence lizard,Sceloporus occidentalis,2021-05-06,12:53:08,1
L28,Log,Marsh,Aves,Common Starling,Sturnus vulgaris,2021-05-06,13:41:12,1
L28,Log,Marsh,Mammalia,Brush Rabbit,Sylvilagus bachmani,2021-05-07,19:39:48,1
L28,Log,Marsh,Mammalia,Brush Rabbit,Sylvilagus bachmani,2021-05-08,08:38:58,1
L28,Log,Marsh,Mammalia,Long-tailed Weasel,Mustela frenata,2021-05-08,09:29:13,1
L28,Log,Marsh,Mammalia,Long-tailed Weasel,Mustela frenata,2021-05-08,10:45:06,1
L28,Log,Marsh,Mammalia,Brush Rabbit,Sylvilagus bachmani,2021-05-08,19:07:35,1
L28,Log,Marsh,Mammalia,Brush Rabbit,Sylvilagus bachmani,2021-05-08,19:29:46,1
L28,Log,Marsh,Mammalia,North American Deermouse,Peromyscus maniculatus,2021-05-08,23:33:57,1
L28,Log,Marsh,Mammalia,Brush Rabbit,Sylvilagus bachmani,2021-05-09,07:54:34,1
L28,Log,Marsh,Mammalia,California Ground Squirrel,Otospermophilus beecheyi,2021-05-09,11:22:33,1
L28,Log,Marsh,Mammalia,Brush Rabbit,Sylvilagus bachmani,2021-05-09,17:50:24,1
L28,Log,Marsh,Mammalia,North American Deermouse,Peromyscus maniculatus,2021-05-10,04:14:26,1
L28,Log,Marsh,Mammalia,California Ground Squirrel,Otospermophilus beecheyi,2021-05-10,13:51:50,1
L28,Log,Marsh,Mammalia,Brush Rabbit,Sylvilagus bachmani,2021-05-10,19:37:00,1
L28,Log,Marsh,Mammalia,North American Deermouse,Peromyscus maniculatus,2021-05-10,21:15:45,1
L28,Log,Marsh,Mammalia,North American Deermouse,Peromyscus maniculatus,2021-05-10,21:53:32,1
L28,Log,Marsh,Mammalia,North American Deermouse,Peromyscus maniculatus,2021-05-10,22:48:45,1
L28,Log,Marsh,Mammalia,North American Deermouse,Peromyscus maniculatus,2021-05-10,22:51:28,1
L28,Log,Marsh,Mammalia,Brush Rabbit,Sylvilagus bachmani,2021-05-11,06:02:58,1
L28,Log,Marsh,Mammalia,Brush Rabbit,Sylvilagus bachmani,2021-05-11,06:50:25,1
L28,Log,Marsh,Mammalia,Brush Rabbit,Sylvilagus bachmani,2021-05-11,07:04:54,1
L28,Log,Marsh,Mammalia,Brush Rabbit,Sylvilagus bachmani,2021-05-11,08:04:54,1
L30,Log,Marsh,Mammalia,Striped Skunk,Mephitis mephitis,2021-05-14,01:30:07,1
L30,Log,Marsh,Mammalia,North American Deermouse,Peromyscus maniculatus,2021-05-15,04:06:11,1
L30,Log,Marsh,Aves,Buff-bellied Pipit,Anthus rubescens,2021-05-15,10:05:44,1
L30,Log,Marsh,Aves,Black Phoebe,Sayornis nigricans,2021-05-15,10:45:54,1
L30,Log,Marsh,Aves,Hermit Thrush,Catharus guttatus,2021-05-15,10:55:23,1
L30,Log,Marsh,Aves,Western Bluebird,Sialia mexicana,2021-05-15,10:58:53,1
L30,Log,Marsh,Reptilia,Western fence lizard,Sceloporus occidentalis,2021-05-15,11:30:26,1
L30,Log,Marsh,Aves,Black Phoebe,Sayornis nigricans,2021-05-15,12:19:20,1
L30,Log,Marsh,Aves,Black Phoebe,Sayornis nigricans,2021-05-15,12:22:09,1
L30,Log,Marsh,Aves,Song Sparrow,Melospiza melodia,2021-05-15,12:48:41,1
L30,Log,Marsh,Reptilia,Western fence lizard,Sceloporus occidentalis,2021-05-15,12:48:41,1
L30,Log,Marsh,Aves,House Sparrow,Passer domesticus,2021-05-15,13:13:33,1
L30,Log,Marsh,Reptilia,Western fence lizard,Sceloporus occidentalis,2021-05-15,13:41:22,1
L30,Log,Marsh,Aves,American Crow,Corvus brachyrhynchos,2021-05-15,13:49:16,1
L30,Log,Marsh,Reptilia,Western fence lizard,Sceloporus occidentalis,2021-05-15,14:27:00,1
L30,Log,Marsh,Reptilia,Western fence lizard,Sceloporus occidentalis,2021-05-15,14:33:36,1
L30,Log,Marsh,Reptilia,Western fence lizard,Sceloporus occidentalis,2021-05-15,15:07:33,1
L30,Log,Marsh,Reptilia,Western fence lizard,Sceloporus occidentalis,2021-05-15,15:20:57,1
L30,Log,Marsh,Aves,American Crow,Corvus brachyrhynchos,2021-05-15,15:35:13,1
L30,Log,Marsh,Aves,Killdeer,Charadrius vociferus,2021-05-15,15:35:59,1
L30,Log,Marsh,Aves,American Crow,Corvus brachyrhynchos,2021-05-15,17:02:23,7
L30,Log,Marsh,Mammalia,North American Deermouse,Peromyscus maniculatus,2021-05-15,22:28:48,1
L30,Log,Marsh,Mammalia,North American Deermouse,Peromyscus maniculatus,2021-05-15,22:37:07,1
L30,Log,Marsh,Aves,Cassin's Kingbird,Tyrannus vociferans,2021-05-16,12:10:20,1
L30,Log,Marsh,Reptilia,Western fence lizard,Sceloporus occidentalis,2021-05-16,12:34:41,1
L30,Log,Marsh,Aves,House Finch,Haemorhous mexicanus,2021-05-16,12:41:08,2
L30,Log,Marsh,Aves,California Scrub-Jay,Aphelocoma californica,2021-05-16,12:53:55,1
L30,Log,Marsh,Mammalia,California Ground Squirrel,Otospermophilus beecheyi,2021-05-16,13:44:39,1
L30,Log,Marsh,Mammalia,California Ground Squirrel,Otospermophilus beecheyi,2021-05-16,13:48:13,1
L30,Log,Marsh,Aves,Black Phoebe,Sayornis nigricans,2021-05-16,13:58:24,1
L30,Log,Marsh,Aves,Cassin's Kingbird,Tyrannus vociferans,2021-05-16,15:45:38,1
L30,Log,Marsh,Mammalia,North American Deermouse,Peromyscus maniculatus,2021-05-16,21:13:51,1
L30,Log,Marsh,Mammalia,North American Deermouse,Peromyscus maniculatus,2021-05-17,02:43:29,1
L30,Log,Marsh,Mammalia,North American Deermouse,Peromyscus maniculatus,2021-05-17,02:44:38,1
L30,Log,Marsh,Aves,Common Starling,Sturnus vulgaris,2021-05-17,08:48:53,1
L30,Log,Marsh,Aves,Western Bluebird,Sialia mexicana,2021-05-17,12:55:56,1
L30,Log,Marsh,Aves,Western Bluebird,Sialia mexicana,2021-05-17,13:00:38,2
L30,Log,Marsh,Aves,House Sparrow,Passer domesticus,2021-05-17,14:38:51,2
L30,Log,Marsh,Aves,Common Starling,Sturnus vulgaris,2021-05-17,15:06:37,1
L30,Log,Marsh,Aves,Common Starling,Sturnus vulgaris,2021-05-17,15:10:34,1
L30,Log,Marsh,Aves,Western Bluebird,Sialia mexicana,2021-05-17,15:38:35,1
L30,Log,Marsh,Aves,House Finch,Haemorhous mexicanus,2021-05-17,16:01:22,1
L30,Log,Marsh,Mammalia,North American Deermouse,Peromyscus maniculatus,2021-05-17,21:59:20,1
L30,Log,Marsh,Mammalia,North American Deermouse,Peromyscus maniculatus,2021-05-18,01:05:34,1
L30,Log,Marsh,Mammalia,North American Deermouse,Peromyscus maniculatus,2021-05-18,01:38:40,1
L30,Log,Marsh,Reptilia,Western fence lizard,Sceloporus occidentalis,2021-05-18,09:41:39,1
L30,Log,Marsh,Aves,Song Sparrow,Melospiza melodia,2021-05-18,09:50:16,1
L30,Log,Marsh,Reptilia,Western fence lizard,Sceloporus occidentalis,2021-05-18,10:12:26,1
L34,Log,Marsh,Mammalia,California Ground Squirrel,Otospermophilus beecheyi,2021-05-06,11:46:39,1
L34,Log,Marsh,Mammalia,California Ground Squirrel,Otospermophilus beecheyi,2021-05-06,12:09:14,1
L34,Log,Marsh,Aves,American Crow,Corvus brachyrhynchos,2021-05-06,14:00:22,1
L34,Log,Marsh,Mammalia,California Ground Squirrel,Otospermophilus beecheyi,2021-05-06,14:44:19,1
L34,Log,Marsh,Mammalia,California Ground Squirrel,Otospermophilus beecheyi,2021-05-06,15:19:24,1
L34,Log,Marsh,Mammalia,California Ground Squirrel,Otospermophilus beecheyi,2021-05-06,15:51:31,1
L34,Log,Marsh,Mammalia,Virginia Opossum,Didelphis virginiana,2021-05-06,22:38:37,1
L34,Log,Marsh,Mammalia,Virginia Opossum,Didelphis virginiana,2021-05-07,03:13:29,1
L34,Log,Marsh,Aves,American Crow,Corvus brachyrhynchos,2021-05-07,10:36:42,1
L34,Log,Marsh,Aves,Black Phoebe,Sayornis nigricans,2021-05-07,14:48:47,1
L34,Log,Marsh,Mammalia,California Ground Squirrel,Otospermophilus beecheyi,2021-05-07,16:24:02,1
L34,Log,Marsh,Aves,Say's Phoebe,Sayornis saya,2021-05-08,13:45:19,1
L34,Log,Marsh,Aves,Black Phoebe,Sayornis nigricans,2021-05-08,13:46:55,1
L34,Log,Marsh,Aves,American Crow,Corvus brachyrhynchos,2021-05-08,14:27:00,2
L34,Log,Marsh,Aves,American Crow,Corvus brachyrhynchos,2021-05-08,15:11:30,1
L34,Log,Marsh,Mammalia,California Ground Squirrel,Otospermophilus beecheyi,2021-05-08,15:40:00,1
L34,Log,Marsh,Mammalia,North American Deermouse,Peromyscus maniculatus,2021-05-08,21:27:54,1
L34,Log,Marsh,Mammalia,Virginia Opossum,Didelphis virginiana,2021-05-09,01:14:48,1
L34,Log,Marsh,Mammalia,Striped Skunk,Mephitis mephitis,2021-05-09,03:58:01,1
L34,Log,Marsh,Mammalia,California Ground Squirrel,Otospermophilus beecheyi,2021-05-09,11:58:36,1
L34,Log,Marsh,Mammalia,California Ground Squirrel,Otospermophilus beecheyi,2021-05-09,15:13:01,1
L34,Log,Marsh,Aves,American Crow,Corvus brachyrhynchos,2021-05-09,18:11:19,1
L34,Log,Marsh,Mammalia,Virginia Opossum,Didelphis virginiana,2021-05-09,23:59:10,1
L34,Log,Marsh,Mammalia,Virginia Opossum,Didelphis virginiana,2021-05-10,23:08:39,1
L34,Log,Marsh,Mammalia,Virginia Opossum,Didelphis virginiana,2021-05-11,00:06:45,1
L34,Log,Marsh,Mammalia,Striped Skunk,Mephitis mephitis,2021-05-11,01:27:46,1
L45,Log,Scrub,Reptilia,Western fence lizard,Sceloporus occidentalis,2021-04-22,11:38:40,1
L45,Log,Scrub,Reptilia,Western fence lizard,Sceloporus occidentalis,2021-04-22,14:31:13,1
L45,Log,Scrub,Mammalia,California Ground Squirrel,Otospermophilus beecheyi,2021-04-22,16:02:36,1
L45,Log,Scrub,Mammalia,California Ground Squirrel,Otospermophilus beecheyi,2021-04-22,16:21:38,1
L45,Log,Scrub,Mammalia,Brush Rabbit,Sylvilagus bachmani,2021-04-23,05:54:01,1
L45,Log,Scrub,Mammalia,Brush Rabbit,Sylvilagus bachmani,2021-04-23,06:38:00,1
L45,Log,Scrub,Mammalia,California Ground Squirrel,Otospermophilus beecheyi,2021-04-23,08:32:05,1
L45,Log,Scrub,Mammalia,California Ground Squirrel,Otospermophilus beecheyi,2021-04-23,08:47:37,1
L45,Log,Scrub,Mammalia,California Ground Squirrel,Otospermophilus beecheyi,2021-04-23,10:12:53,1
L45,Log,Scrub,Mammalia,California Ground Squirrel,Otospermophilus beecheyi,2021-04-23,12:45:35,1
L45,Log,Scrub,Mammalia,California Ground Squirrel,Otospermophilus beecheyi,2021-04-23,17:38:58,1
L45,Log,Scrub,Mammalia,Brush Rabbit,Sylvilagus bachmani,2021-04-23,19:45:22,1
L45,Log,Scrub,Mammalia,Brush Rabbit,Sylvilagus bachmani,2021-04-23,19:48:33,1
L45,Log,Scrub,Mammalia,Virginia Opossum,Didelphis virginiana,2021-04-23,20:30:05,1
L45,Log,Scrub,Mammalia,Brush Rabbit,Sylvilagus bachmani,2021-04-24,03:56:23,1
L45,Log,Scrub,Mammalia,Brush Rabbit,Sylvilagus bachmani,2021-04-24,04:16:44,1
L45,Log,Scrub,Mammalia,Brush Rabbit,Sylvilagus bachmani,2021-04-24,05:30:21,1
L45,Log,Scrub,Mammalia,California Ground Squirrel,Otospermophilus beecheyi,2021-04-24,15:57:14,1
L45,Log,Scrub,Mammalia,Brush Rabbit,Sylvilagus bachmani,2021-04-24,16:49:52,1
L45,Log,Scrub,Mammalia,Brush Rabbit,Sylvilagus bachmani,2021-04-24,17:02:43,1
L45,Log,Scrub,Mammalia,Brush Rabbit,Sylvilagus bachmani,2021-04-24,17:07:38,1
L45,Log,Scrub,Mammalia,Brush Rabbit,Sylvilagus bachmani,2021-04-24,17:22:36,1
L45,Log,Scrub,Mammalia,California Ground Squirrel,Otospermophilus beecheyi,2021-04-25,09:16:21,1
L45,Log,Scrub,Mammalia,California Ground Squirrel,Otospermophilus beecheyi,2021-04-25,14:00:38,1
L45,Log,Scrub,Mammalia,California Ground Squirrel,Otospermophilus beecheyi,2021-04-25,14:48:28,1
L45,Log,Scrub,Mammalia,California Ground Squirrel,Otospermophilus beecheyi,2021-04-26,11:59:58,2
L45,Log,Scrub,Mammalia,Brush Rabbit,Sylvilagus bachmani,2021-04-26,19:52:34,1
L45,Log,Scrub,Mammalia,Brush Rabbit,Sylvilagus bachmani,2021-04-27,01:22:26,1
L45,Log,Scrub,Mammalia,Brush Rabbit,Sylvilagus bachmani,2021-04-27,01:24:35,1
L45,Log,Scrub,Mammalia,Brush Rabbit,Sylvilagus bachmani,2021-04-27,01:54:55,1
L45,Log,Scrub,Mammalia,Brush Rabbit,Sylvilagus bachmani,2021-04-27,03:07:49,1
L45,Log,Scrub,Mammalia,Brush Rabbit,Sylvilagus bachmani,2021-04-27,03:47:23,1
L45,Log,Scrub,Mammalia,Brush Rabbit,Sylvilagus bachmani,2021-04-27,07:19:48,1
L45,Log,Scrub,Mammalia,Brush Rabbit,Sylvilagus bachmani,2021-04-27,07:22:32,1
L45,Log,Scrub,Mammalia,California Ground Squirrel,Otospermophilus beecheyi,2021-04-27,07:26:42,1
L45,Log,Scrub,Mammalia,Brush Rabbit,Sylvilagus bachmani,2021-04-27,07:42:22,1
L45,Log,Scrub,Mammalia,Brush Rabbit,Sylvilagus bachmani,2021-04-27,07:46:56,1
L49,Log,Scrub,Mammalia,California Ground Squirrel,Otospermophilus beecheyi,2021-05-13,12:27:34,1
L49,Log,Scrub,Aves,Killdeer,Charadrius vociferus,2021-05-13,23:37:15,1
L49,Log,Scrub,Aves,Killdeer,Charadrius vociferus,2021-05-14,01:16:50,1
L49,Log,Scrub,Mammalia,North American Deermouse,Peromyscus maniculatus,2021-05-14,02:38:42,1
L49,Log,Scrub,Mammalia,North American Deermouse,Peromyscus maniculatus,2021-05-14,03:17:25,1
L49,Log,Scrub,Mammalia,North American Deermouse,Peromyscus maniculatus,2021-05-14,21:32:44,1
L49,Log,Scrub,Aves,Killdeer,Charadrius vociferus,2021-05-14,23:36:25,1
L49,Log,Scrub,Mammalia,North American Deermouse,Peromyscus maniculatus,2021-05-15,01:24:18,1
L49,Log,Scrub,Mammalia,North American Deermouse,Peromyscus maniculatus,2021-05-15,01:26:23,1
L49,Log,Scrub,Mammalia,California Ground Squirrel,Otospermophilus beecheyi,2021-05-15,08:44:23,1
L49,Log,Scrub,Mammalia,California Ground Squirrel,Otospermophilus beecheyi,2021-05-15,09:17:07,1
L49,Log,Scrub,Mammalia,California Ground Squirrel,Otospermophilus beecheyi,2021-05-15,09:20:17,1
L49,Log,Scrub,Reptilia,Western fence lizard,Sceloporus occidentalis,2021-05-15,10:05:38,1
L49,Log,Scrub,Reptilia,Western fence lizard,Sceloporus occidentalis,2021-05-15,10:31:20,1
L49,Log,Scrub,Reptilia,Western fence lizard,Sceloporus occidentalis,2021-05-15,10:37:24,1
L49,Log,Scrub,Aves,Black Phoebe,Sayornis nigricans,2021-05-15,10:46:04,1
L49,Log,Scrub,Reptilia,Western fence lizard,Sceloporus occidentalis,2021-05-15,10:47:28,1
L49,Log,Scrub,Reptilia,Western fence lizard,Sceloporus occidentalis,2021-05-15,10:49:57,1
L49,Log,Scrub,Reptilia,Western fence lizard,Sceloporus occidentalis,2021-05-15,11:07:42,1
L49,Log,Scrub,Reptilia,Western fence lizard,Sceloporus occidentalis,2021-05-15,11:11:52,1
L49,Log,Scrub,Reptilia,Western fence lizard,Sceloporus occidentalis,2021-05-15,11:29:16,1
L49,Log,Scrub,Reptilia,Western fence lizard,Sceloporus occidentalis,2021-05-15,11:48:08,1
L49,Log,Scrub,Reptilia,Western fence lizard,Sceloporus occidentalis,2021-05-15,11:50:57,1
L49,Log,Scrub,Mammalia,California Ground Squirrel,Otospermophilus beecheyi,2021-05-15,12:30:19,1
L49,Log,Scrub,Mammalia,California Ground Squirrel,Otospermophilus beecheyi,2021-05-15,12:35:05,1
L49,Log,Scrub,Mammalia,California Ground Squirrel,Otospermophilus beecheyi,2021-05-15,12:38:40,1
L49,Log,Scrub,Mammalia,California Ground Squirrel,Otospermophilus beecheyi,2021-05-15,12:40:09,1
L49,Log,Scrub,Mammalia,California Ground Squirrel,Otospermophilus beecheyi,2021-05-15,12:44:35,1
L49,Log,Scrub,Mammalia,California Ground Squirrel,Otospermophilus beecheyi,2021-05-15,12:49:36,1
L49,Log,Scrub,Mammalia,California Ground Squirrel,Otospermophilus beecheyi,2021-05-15,12:51:44,1
L49,Log,Scrub,Reptilia,Western fence lizard,Sceloporus occidentalis,2021-05-15,13:52:19,1
L49,Log,Scrub,Reptilia,Western fence lizard,Sceloporus occidentalis,2021-05-15,13:53:04,1
L49,Log,Scrub,Mammalia,California Ground Squirrel,Otospermophilus beecheyi,2021-05-15,13:59:12,1
L49,Log,Scrub,Mammalia,California Ground Squirrel,Otospermophilus beecheyi,2021-05-15,14:01:32,1
L49,Log,Scrub,Mammalia,California Ground Squirrel,Otospermophilus beecheyi,2021-05-15,14:02:37,1
L49,Log,Scrub,Mammalia,California Ground Squirrel,Otospermophilus beecheyi,2021-05-15,14:03:02,1
L49,Log,Scrub,Reptilia,Western fence lizard,Sceloporus occidentalis,2021-05-15,14:10:55,1
L49,Log,Scrub,Reptilia,Western fence lizard,Sceloporus occidentalis,2021-05-15,14:13:02,1
L49,Log,Scrub,Reptilia,Western fence lizard,Sceloporus occidentalis,2021-05-15,14:27:43,1
L49,Log,Scrub,Reptilia,Western fence lizard,Sceloporus occidentalis,2021-05-15,14:29:25,1
L49,Log,Scrub,Reptilia,Western fence lizard,Sceloporus occidentalis,2021-05-15,14:32:13,1
L49,Log,Scrub,Mammalia,California Ground Squirrel,Otospermophilus beecheyi,2021-05-15,15:58:38,1
L49,Log,Scrub,Mammalia,California Ground Squirrel,Otospermophilus beecheyi,2021-05-15,16:01:17,1
L49,Log,Scrub,Mammalia,California Ground Squirrel,Otospermophilus beecheyi,2021-05-15,16:04:00,1
L49,Log,Scrub,Mammalia,California Ground Squirrel,Otospermophilus beecheyi,2021-05-15,16:57:06,1
L49,Log,Scrub,Mammalia,North American Deermouse,Peromyscus maniculatus,2021-05-15,20:45:34,1
L49,Log,Scrub,Aves,Killdeer,Charadrius vociferus,2021-05-16,00:19:19,1
L49,Log,Scrub,Aves,Killdeer,Charadrius vociferus,2021-05-16,01:12:19,1
L49,Log,Scrub,Aves,Killdeer,Charadrius vociferus,2021-05-16,01:14:34,1
L49,Log,Scrub,Mammalia,California Ground Squirrel,Otospermophilus beecheyi,2021-05-16,10:51:07,1
L49,Log,Scrub,Mammalia,California Ground Squirrel,Otospermophilus beecheyi,2021-05-16,10:56:17,1
L49,Log,Scrub,Mammalia,California Ground Squirrel,Otospermophilus beecheyi,2021-05-16,11:27:37,2
L49,Log,Scrub,Mammalia,California Ground Squirrel,Otospermophilus beecheyi,2021-05-16,11:29:21,1
L49,Log,Scrub,Mammalia,California Ground Squirrel,Otospermophilus beecheyi,2021-05-16,11:57:11,1
L49,Log,Scrub,Mammalia,California Ground Squirrel,Otospermophilus beecheyi,2021-05-16,12:59:05,1
L49,Log,Scrub,Mammalia,California Ground Squirrel,Otospermophilus beecheyi,2021-05-16,13:00:19,1
L49,Log,Scrub,Mammalia,California Ground Squirrel,Otospermophilus beecheyi,2021-05-16,14:13:01,1
L49,Log,Scrub,Mammalia,California Ground Squirrel,Otospermophilus beecheyi,2021-05-16,14:16:09,1
L49,Log,Scrub,Mammalia,California Ground Squirrel,Otospermophilus beecheyi,2021-05-16,14:18:12,1
L49,Log,Scrub,Mammalia,California Ground Squirrel,Otospermophilus beecheyi,2021-05-16,14:18:32,1
L49,Log,Scrub,Mammalia,California Ground Squirrel,Otospermophilus beecheyi,2021-05-16,14:25:01,1
L49,Log,Scrub,Mammalia,California Ground Squirrel,Otospermophilus beecheyi,2021-05-16,14:25:52,1
L49,Log,Scrub,Mammalia,California Ground Squirrel,Otospermophilus beecheyi,2021-05-16,14:27:34,1
L49,Log,Scrub,Mammalia,California Ground Squirrel,Otospermophilus beecheyi,2021-05-16,14:33:36,1
L49,Log,Scrub,Mammalia,California Ground Squirrel,Otospermophilus beecheyi,2021-05-16,15:09:22,1
L49,Log,Scrub,Mammalia,California Ground Squirrel,Otospermophilus beecheyi,2021-05-16,15:16:03,1
L49,Log,Scrub,Mammalia,California Ground Squirrel,Otospermophilus beecheyi,2021-05-16,15:20:01,1
L49,Log,Scrub,Mammalia,California Ground Squirrel,Otospermophilus beecheyi,2021-05-16,15:21:04,1
L49,Log,Scrub,Mammalia,California Ground Squirrel,Otospermophilus beecheyi,2021-05-16,16:00:49,1
L49,Log,Scrub,Mammalia,California Ground Squirrel,Otospermophilus beecheyi,2021-05-16,16:29:00,1
L49,Log,Scrub,Mammalia,California Ground Squirrel,Otospermophilus beecheyi,2021-05-16,16:29:59,1
L49,Log,Scrub,Mammalia,California Ground Squirrel,Otospermophilus beecheyi,2021-05-16,16:43:41,1
L49,Log,Scrub,Aves,Killdeer,Charadrius vociferus,2021-05-16,20:41:27,1
L49,Log,Scrub,Aves,Killdeer,Charadrius vociferus,2021-05-16,23:31:01,1
L49,Log,Scrub,Mammalia,California Ground Squirrel,Otospermophilus beecheyi,2021-05-17,08:16:27,1
L49,Log,Scrub,Mammalia,California Ground Squirrel,Otospermophilus beecheyi,2021-05-17,09:01:31,1
L49,Log,Scrub,Reptilia,Western fence lizard,Sceloporus occidentalis,2021-05-17,15:36:41,1
L49,Log,Scrub,Reptilia,Western fence lizard,Sceloporus occidentalis,2021-05-18,11:15:15,1
L49,Log,Scrub,Mammalia,California Ground Squirrel,Otospermophilus beecheyi,2021-05-18,11:18:20,1
L49,Log,Scrub,Mammalia,California Ground Squirrel,Otospermophilus beecheyi,2021-05-18,11:23:04,1
L49,Log,Scrub,Mammalia,California Ground Squirrel,Otospermophilus beecheyi,2021-05-18,11:26:38,1
L49,Log,Scrub,Mammalia,California Ground Squirrel,Otospermophilus beecheyi,2021-05-18,11:32:36,1
L49,Log,Scrub,Mammalia,California Ground Squirrel,Otospermophilus beecheyi,2021-05-18,11:46:59,1
L49,Log,Scrub,Mammalia,California Ground Squirrel,Otospermophilus beecheyi,2021-05-18,11:47:52,1
L49,Log,Scrub,Mammalia,California Ground Squirrel,Otospermophilus beecheyi,2021-05-18,11:48:40,1
L49,Log,Scrub,Mammalia,California Ground Squirrel,Otospermophilus beecheyi,2021-05-18,11:49:53,1
L49,Log,Scrub,Mammalia,California Ground Squirrel,Otospermophilus beecheyi,2021-05-18,11:51:16,1
L49,Log,Scrub,Mammalia,California Ground Squirrel,Otospermophilus beecheyi,2021-05-18,11:56:08,1
L49,Log,Scrub,Mammalia,California Ground Squirrel,Otospermophilus beecheyi,2021-05-18,11:59:28,1
L49,Log,Scrub,Reptilia,Western fence lizard,Sceloporus occidentalis,2021-05-18,12:28:13,1
L58,Log,Scrub,Reptilia,Western fence lizard,Sceloporus occidentalis,2021-04-30,08:45:03,1
L58,Log,Scrub,Reptilia,Western fence lizard,Sceloporus occidentalis,2021-04-30,08:48:35,1
L58,Log,Scrub,Reptilia,Western fence lizard,Sceloporus occidentalis,2021-04-30,08:50:41,1
L58,Log,Scrub,Reptilia,Western fence lizard,Sceloporus occidentalis,2021-04-30,09:50:41,1
L58,Log,Scrub,Reptilia,Western fence lizard,Sceloporus occidentalis,2021-04-30,09:59:08,1
L58,Log,Scrub,Reptilia,Western fence lizard,Sceloporus occidentalis,2021-04-30,10:01:59,1
L58,Log,Scrub,Reptilia,Western fence lizard,Sceloporus occidentalis,2021-04-30,10:03:25,1
L58,Log,Scrub,Reptilia,Western fence lizard,Sceloporus occidentalis,2021-04-30,10:07:49,1
L58,Log,Scrub,Reptilia,Western fence lizard,Sceloporus occidentalis,2021-04-30,10:10:50,1
L58,Log,Scrub,Reptilia,Western fence lizard,Sceloporus occidentalis,2021-04-30,10:22:51,1
L58,Log,Scrub,Reptilia,Western fence lizard,Sceloporus occidentalis,2021-04-30,10:26:38,1
L58,Log,Scrub,Reptilia,Western fence lizard,Sceloporus occidentalis,2021-04-30,10:30:24,1
L58,Log,Scrub,Reptilia,Western fence lizard,Sceloporus occidentalis,2021-04-30,10:32:10,1
L58,Log,Scrub,Reptilia,Western fence lizard,Sceloporus occidentalis,2021-04-30,11:31:18,1
L58,Log,Scrub,Reptilia,Western fence lizard,Sceloporus occidentalis,2021-04-30,11:34:04,1
L58,Log,Scrub,Reptilia,Western fence lizard,Sceloporus occidentalis,2021-04-30,11:40:21,1
L58,Log,Scrub,Reptilia,Western fence lizard,Sceloporus occidentalis,2021-04-30,11:43:25,1
L58,Log,Scrub,Reptilia,Western fence lizard,Sceloporus occidentalis,2021-04-30,11:45:46,1
L58,Log,Scrub,Reptilia,Western fence lizard,Sceloporus occidentalis,2021-04-30,11:49:23,1
L58,Log,Scrub,Reptilia,Western fence lizard,Sceloporus occidentalis,2021-04-30,12:01:55,1
L58,Log,Scrub,Reptilia,Western fence lizard,Sceloporus occidentalis,2021-04-30,12:05:43,1
L58,Log,Scrub,Reptilia,Western fence lizard,Sceloporus occidentalis,2021-04-30,12:07:18,1
L58,Log,Scrub,Reptilia,Western fence lizard,Sceloporus occidentalis,2021-04-30,12:14:17,1
L58,Log,Scrub,Reptilia,Western fence lizard,Sceloporus occidentalis,2021-04-30,12:39:48,1
L59,Log,Grassland,Aves,Canada Goose,Branta canadensis,2021-05-20,16:08:39,2
L59,Log,Grassland,Mammalia,California Ground Squirrel,Otospermophilus beecheyi,2021-05-20,17:56:36,1
L59,Log,Grassland,Mammalia,California Ground Squirrel,Otospermophilus beecheyi,2021-05-21,07:57:06,1
L59,Log,Grassland,Mammalia,California Ground Squirrel,Otospermophilus beecheyi,2021-05-21,08:29:13,1
L59,Log,Grassland,Reptilia,Western fence lizard,Sceloporus occidentalis,2021-05-21,10:15:00,1
L59,Log,Grassland,Mammalia,California Ground Squirrel,Otospermophilus beecheyi,2021-05-21,10:20:33,1
L59,Log,Grassland,Mammalia,California Ground Squirrel,Otospermophilus beecheyi,2021-05-21,18:03:06,1
L59,Log,Grassland,Mammalia,Striped Skunk,Mephitis mephitis,2021-05-22,00:33:09,1
L59,Log,Grassland,Reptilia,Western fence lizard,Sceloporus occidentalis,2021-05-22,09:43:41,1
L59,Log,Grassland,Reptilia,Western fence lizard,Sceloporus occidentalis,2021-05-22,09:50:23,1
L59,Log,Grassland,Reptilia,Western fence lizard,Sceloporus occidentalis,2021-05-22,09:52:30,1
L59,Log,Grassland,Reptilia,Western fence lizard,Sceloporus occidentalis,2021-05-22,09:55:30,1
L59,Log,Grassland,Reptilia,Western fence lizard,Sceloporus occidentalis,2021-05-22,11:16:47,1
L59,Log,Grassland,Reptilia,Western fence lizard,Sceloporus occidentalis,2021-05-22,12:16:05,1
L59,Log,Grassland,Reptilia,Western fence lizard,Sceloporus occidentalis,2021-05-22,12:21:50,1
L59,Log,Grassland,Aves,Lark Sparrow,Chondestes grammacus,2021-05-22,12:36:37,1
L59,Log,Grassland,Reptilia,Western fence lizard,Sceloporus occidentalis,2021-05-22,16:05:39,1
L59,Log,Grassland,Reptilia,Western fence lizard,Sceloporus occidentalis,2021-05-22,16:19:51,1
L59,Log,Grassland,Mammalia,Striped Skunk,Mephitis mephitis,2021-05-22,22:37:49,1
L59,Log,Grassland,Mammalia,Striped Skunk,Mephitis mephitis,2021-05-23,01:26:22,1
L59,Log,Grassland,Mammalia,California Ground Squirrel,Otospermophilus beecheyi,2021-05-23,14:08:37,1
L59,Log,Grassland,Mammalia,California Ground Squirrel,Otospermophilus beecheyi,2021-05-23,14:31:48,1
L59,Log,Grassland,Reptilia,Western fence lizard,Sceloporus occidentalis,2021-05-23,15:12:26,1
L59,Log,Grassland,Reptilia,Western fence lizard,Sceloporus occidentalis,2021-05-23,15:14:51,1
L59,Log,Grassland,Reptilia,Western fence lizard,Sceloporus occidentalis,2021-05-24,10:07:19,1
L59,Log,Grassland,Reptilia,Western fence lizard,Sceloporus occidentalis,2021-05-24,10:08:50,1
L59,Log,Grassland,Reptilia,Western fence lizard,Sceloporus occidentalis,2021-05-24,10:11:17,1
L59,Log,Grassland,Reptilia,Western fence lizard,Sceloporus occidentalis,2021-05-24,10:13:13,1
L59,Log,Grassland,Reptilia,Western fence lizard,Sceloporus occidentalis,2021-05-24,10:18:45,1
L59,Log,Grassland,Reptilia,Western fence lizard,Sceloporus occidentalis,2021-05-24,10:20:18,1
L59,Log,Grassland,Reptilia,Western fence lizard,Sceloporus occidentalis,2021-05-24,10:57:51,1
L59,Log,Grassland,Mammalia,California Ground Squirrel,Otospermophilus beecheyi,2021-05-24,15:02:20,1
L59,Log,Grassland,Reptilia,Western fence lizard,Sceloporus occidentalis,2021-05-24,17:58:00,1
L59,Log,Grassland,Mammalia,North American Deermouse,Peromyscus maniculatus,2021-05-24,21:44:50,1
L59,Log,Grassland,Mammalia,North American Deermouse,Peromyscus maniculatus,2021-05-25,01:22:21,1
L59,Log,Grassland,Mammalia,North American Deermouse,Peromyscus maniculatus,2021-05-25,01:24:24,1
L59,Log,Grassland,Mammalia,North American Deermouse,Peromyscus maniculatus,2021-05-25,02:11:50,1
